,Tag,NewName,Address,Format,ModbusAddress,Comment,InitalValue,Signed,TextTagSize,Minimum,Maximum,Resolution,Group,Presentation,WriteAllowed,DisplayFormat
416,AT_101,AT_101,AIV00100,FLOAT,1000,CHAMBER 1 NUTRIENT TANK pH TRANSMITTER,,True,,0,1000,1,CHAMBER 1,False,False,DECIMAL
417,AT_102,AT_102,AIV00101,FLOAT,1002,CHAMBER 1 NUTRIENT TANK EC TRANSMITTER,,True,,0,1000,1,CHAMBER 1,False,False,DECIMAL
434,AT_103,AT_103,AIV00118,FLOAT,1004,CHAMBER 1 VAISALA CO2 TRANSMITTER,,True,,0,1000,1,CHAMBER 1,False,False,DECIMAL
435,AT_104,AT_104,AIV00119,FLOAT,1006,CHAMBER 1 VAISALA HUMIDITY TRANSMITTER,,True,,0,1000,1,CHAMBER 1,False,False,DECIMAL
436,AT_105,AT_105,AIV00120,FLOAT,1008,CHAMBER 1 VAISALA TEMP TRANSMITTER,,True,,0,1000,1,CHAMBER 1,False,False,DECIMAL
437,FT_101,FT_101,AIV00121,FLOAT,1010,CHAMBER 1 NUTRIENT FEED FLOW TRANSMITTER,,True,,0,1000,1,CHAMBER 1,False,False,DECIMAL
450,LT_101,LT_101,AIV00122,FLOAT,1012,CHAMBER 1 NUTRIENT TANK LEVEL TRANSMITTER,,True,,0,1000,1,CHAMBER 1,False,False,DECIMAL
451,MT_101,MT_101,AIV00123,FLOAT,1014,CHAMBER 1 VEG MOISTURE TRANSMITTER 1,,True,,0,1000,1,CHAMBER 1,False,False,DECIMAL
452,MT_102,MT_102,AIV00124,FLOAT,1016,CHAMBER 1 VEG MOISTURE TRANSMITTER 2,,True,,0,1000,1,CHAMBER 1,False,False,DECIMAL
453,MT_103,MT_103,AIV00125,FLOAT,1018,CHAMBER 1 MOTHER MOISTURE TRANSMITTER 1,,True,,0,1000,1,CHAMBER 1,False,False,DECIMAL
455,PDT_101,PDT_101,AIV00127,FLOAT,1020,CHAMBER 1 FILTER PRESSURE DIFFERENTIAL TRANS,,True,,0,1000,1,CHAMBER 1,False,False,DECIMAL
456,PT_101,PT_101,AIV00128,FLOAT,1022,CHAMBER 1 NUTRIENT FEED PRESSURE TRANSMITTER,,True,,0,1000,1,CHAMBER 1,False,False,DECIMAL
454,MT_104,MT_104,AIV00126,FLOAT,1024,CHAMBER 1 MOTHER MOISTURE TRANSMITTER 2,,True,,0,1000,1,CHAMBER 1,False,False,DECIMAL
438,HS_101,HS_101,DIV00332,DIGITAL,1030,CHAMBER 1 NUTRIENT FEED PUMP ON/OFF,,False,,,,,CHAMBER 1,False,False,DECIMAL
439,HS_102,HS_102,DIV00333,DIGITAL,1031,CHAMBER 1 DUCT UV LIGHT ON/OFF,,False,,,,,CHAMBER 1,False,False,DECIMAL
440,HS_103,HS_103,DIV00334,DIGITAL,1032,CHAMBER 1 DEHUMIDIFIER ON/OFF,,False,,,,,CHAMBER 1,False,False,DECIMAL
441,HS_104,HS_104,DIV00335,DIGITAL,1033,CHAMBER 1 HUMIDIFIER ON/OFF,,False,,,,,CHAMBER 1,False,False,DECIMAL
442,HS_105,HS_105,DIV00336,DIGITAL,1034,CHAMBER 1 FAN ON/OFF,,False,,,,,CHAMBER 1,False,False,DECIMAL
443,HS_106,HS_106,DIV00337,DIGITAL,1035,CHAMBER 1 OSCILLATING FANS ON/OFF,,False,,,,,CHAMBER 1,False,False,DECIMAL
444,HS_107,HS_107,DIV00338,DIGITAL,1036,CHAMBER 1 SS550 MOTHER LIGHTS ON/OFF,,False,,,,,CHAMBER 1,False,False,DECIMAL
445,HS_108,HS_108,DIV00339,DIGITAL,1037,CHAMBER 1 SS550 VEG LIGHTS ON/OFF,,False,,,,,CHAMBER 1,False,False,DECIMAL
446,HS_109,HS_109,DIV00340,DIGITAL,1038,CHAMBER 1 COOLING ON/OFF,,False,,,,,CHAMBER 1,False,False,DECIMAL
447,HS_110,HS_110,DIV00341,DIGITAL,1039,CHAMBER 1 HEAT ON/OFF,,False,,,,,CHAMBER 1,False,False,DECIMAL
448,LSHH_101,LSHH_101,DIV00342,DIGITAL,1040,CHAMBER 1 NUTRIENT TANK LEVEL HI HI SHUT DOWN,,False,,,,,CHAMBER 1,False,False,DECIMAL
449,LSLL_101,LSLL_101,DIV00343,DIGITAL,1041,CHAMBER 1 NUTRIENT TANK LEVEL LO LO SHUT DOWN,,False,,,,,CHAMBER 1,False,False,DECIMAL
457,XY_104,XY_104,DIV00344,DIGITAL,1042,CHAMBER 1 NUTRIENT MOTHER FEED SOLENOID VALVE,,False,,,,,CHAMBER 1,False,False,DECIMAL
459,XY_110,XY_110,DIV00346,DIGITAL,1043,CHAMBER 1 NUTRIENT FEED RECIRC SOLENOID VALVE,,False,,,,,CHAMBER 1,False,False,DECIMAL
460,XY_112,XY_112,DIV00347,DIGITAL,1044,CHAMBER 1 NUTRIENT TANK DRAIN SOLENOID VALVE,,False,,,,,CHAMBER 1,False,False,DECIMAL
461,XY_114,XY_114,DIV00348,DIGITAL,1045,CHAMBER 1 NUTRIENT 1 DOSING SOLENOID VALVE,,False,,,,,CHAMBER 1,False,False,DECIMAL
462,XY_115,XY_115,DIV00349,DIGITAL,1046,CHAMBER 1 NUTRIENT 2 DOSING SOLENOID VALVE,,False,,,,,CHAMBER 1,False,False,DECIMAL
463,XY_116,XY_116,DIV00350,DIGITAL,1047,CHAMBER 1 NUTRIENT 3 DOSING SOLENOID VALVE,,False,,,,,CHAMBER 1,False,False,DECIMAL
464,XY_117,XY_117,DIV00351,DIGITAL,1048,CHAMBER 1 NUTRIENT 4 DOSING SOLENOID VALVE,,False,,,,,CHAMBER 1,False,False,DECIMAL
465,XY_118,XY_118,DIV00352,DIGITAL,1049,CHAMBER 1 NUTRIENT 5 DOSING SOLENOID VALVE,,False,,,,,CHAMBER 1,False,False,DECIMAL
466,XY_119,XY_119,DIV00353,DIGITAL,1050,CHAMBER 1 NUTRIENT 6 DOSING SOLENOID VALVE,,False,,,,,CHAMBER 1,False,False,DECIMAL
467,XY_120,XY_120,DIV00354,DIGITAL,1051,CHAMBER 1 NUTRIENT 7 DOSING SOLENOID VALVE,,False,,,,,CHAMBER 1,False,False,DECIMAL
468,XY_121,XY_121,DIV00355,DIGITAL,1052,CHAMBER 1 pH UP SOLENOID VALVE,,False,,,,,CHAMBER 1,False,False,DECIMAL
469,XY_122,XY_122,DIV00356,DIGITAL,1053,CHAMBER 1 pH DOWN SOLENOID VALVE,,False,,,,,CHAMBER 1,False,False,DECIMAL
470,XY_124,XY_124,DIV00357,DIGITAL,1054,CHAMBER 1 RO WATER FILL SOLENOID VALVE,,False,,,,,CHAMBER 1,False,False,DECIMAL
471,XY_125,XY_125,DIV00358,DIGITAL,1055,CHAMBER 1 CO2 SOLENOID VALVE,,False,,,,,CHAMBER 1,False,False,DECIMAL
458,XY_107,XY_107,DIV00345,DIGITAL,1056,CHAMBER 1 NUTRIENT VEG FEED SOLENOID VALVE,,False,,,,,CHAMBER 1,False,False,DECIMAL
743,HS_115,HS_115,DIV00425,DIGITAL,1057,CHAMBER 1 CLONE LIGHT ON/OFF,,False,,,,,CHAMBER 1,False,False,DECIMAL
514,HS_150_PERM,HS_150_PERM,DIV00363,DIGITAL,1500,CHAMBER 1 R/O WATER FILL - PERMISSIVE,,False,,,,,CHAMBER 1\LOCALS,False,False,DECIMAL
515,HS_151_PERM,HS_151_PERM,DIV00364,DIGITAL,1501,CHAMBER 1 RECIRCULATION - PERMISSIVE,,False,,,,,CHAMBER 1\LOCALS,False,False,DECIMAL
516,HS_152_PERM,HS_152_PERM,DIV00365,DIGITAL,1502,CHAMBER 1 FEED MOTHER - PERMISSIVE,,False,,,,,CHAMBER 1\LOCALS,False,False,DECIMAL
517,HS_153_PERM,HS_153_PERM,DIV00366,DIGITAL,1503,CHAMBER 1 DRAIN - PERMISSIVE,,False,,,,,CHAMBER 1\LOCALS,False,False,DECIMAL
518,HS_154,HS_154,DIV00367,DIGITAL,1504,CHAMBER 1 SYSTEM SHUTDOWN,,False,,,,,CHAMBER 1\LOCALS,False,False,DECIMAL
537,HS_155_PERM,HS_155_PERM,DIV00374,DIGITAL,1505,CHAMBER 1 FILL NUTRIENTS - PERMISSIVE,,False,,,,,CHAMBER 1\LOCALS,False,False,DECIMAL
539,HS_156_PERM,HS_156_PERM,DIV00375,DIGITAL,1506,CHAMBER 1 PH ADJUST - PERMISSIVE,,False,,,,,CHAMBER 1\LOCALS,False,False,DECIMAL
540,HS_157_PERM,HS_157_PERM,DIV00376,DIGITAL,1507,CHAMBER 1 FEED VEG - PERMISSIVE,,False,,,,,CHAMBER 1\LOCALS,False,False,DECIMAL
547,PAH101,PAH101,DIV00377,DIGITAL,1508,CHAMBER 1 NUTRIENT PRESSURE HIGH ALARM,,False,,,,,CHAMBER 1\LOCALS,False,False,DECIMAL
561,HS_155H,HS_155H,DIV00382,DIGITAL,1509,CHAMBER 1 NUTRIENT FILL REQUEST,,False,,,,,CHAMBER 1\LOCALS,False,False,DECIMAL
562,HS_156A,HS_156A,DIV00383,DIGITAL,1510,CHAMBER 1 pH ADJUST REQUEST,,False,,,,,CHAMBER 1\LOCALS,False,False,DECIMAL
610,MT_101EN,MT_101EN,DIV00378,DIGITAL,1511,CHAMBER 1 VEG HUMDITY SENSOR ENABLE,,False,,,,,CHAMBER 1\LOCALS,False,False,DECIMAL
611,MT_102EN,MT_102EN,DIV00387,DIGITAL,1512,CHAMBER 1 VEG HUMDITY SENSOR ENABLE,,False,,,,,CHAMBER 1\LOCALS,False,False,DECIMAL
612,MT_103EN,MT_103EN,DIV00388,DIGITAL,1513,CHAMBER 1 MOTHER HUMDITY SENSOR ENABLE,,False,,,,,CHAMBER 1\LOCALS,False,False,DECIMAL
613,MT_104EN,MT_104EN,DIV00389,DIGITAL,1514,CHAMBER 1 MOTHER HUMDITY SENSOR ENABLE,,False,,,,,CHAMBER 1\LOCALS,False,False,DECIMAL
632,KV_101_EN,KV_101_EN,DIV00390,DIGITAL,1515,CHAMBER 1 VEG SCH ENABLED 1,,False,,,,,CHAMBER 1\LOCALS,False,False,DECIMAL
633,KV_102_EN,KV_102_EN,DIV00391,DIGITAL,1516,CHAMBER 1 VEG SCH ENABLED 2,,False,,,,,CHAMBER 1\LOCALS,False,False,DECIMAL
634,KV_103_EN,KV_103_EN,DIV00392,DIGITAL,1517,CHAMBER 1 VEG SCH ENABLED 3,,False,,,,,CHAMBER 1\LOCALS,False,False,DECIMAL
635,KV_104_EN,KV_104_EN,DIV00393,DIGITAL,1518,CHAMBER 1 VEG SCH ENABLED 4,,False,,,,,CHAMBER 1\LOCALS,False,False,DECIMAL
636,KM_101_EN,KM_101_EN,DIV00394,DIGITAL,1519,CHAMBER 1 MOTHER/FLOWER SCH ENABLED 1,,False,,,,,CHAMBER 1\LOCALS,False,False,DECIMAL
637,KM_102_EN,KM_102_EN,DIV00395,DIGITAL,1520,CHAMBER 1 MOTHER/FLOWER SCH ENABLED 2,,False,,,,,CHAMBER 1\LOCALS,False,False,DECIMAL
638,KM_103_EN,KM_103_EN,DIV00396,DIGITAL,1521,CHAMBER 1 MOTHER/FLOWER SCH ENABLED 3,,False,,,,,CHAMBER 1\LOCALS,False,False,DECIMAL
639,KM_104_EN,KM_104_EN,DIV00397,DIGITAL,1522,CHAMBER 1 MOTHER/FLOWER SCH ENABLED 4,,False,,,,,CHAMBER 1\LOCALS,False,False,DECIMAL
640,KM_105_EN,KM_105_EN,DIV00398,DIGITAL,1523,CHAMBER 1 MOTHER/FLOWER SCH ENABLED 5,,False,,,,,CHAMBER 1\LOCALS,False,False,DECIMAL
641,KM_106_EN,KM_106_EN,DIV00399,DIGITAL,1524,CHAMBER 1 MOTHER/FLOWER SCH ENABLED 6,,False,,,,,CHAMBER 1\LOCALS,False,False,DECIMAL
642,KM_107_EN,KM_107_EN,DIV00400,DIGITAL,1525,CHAMBER 1 MOTHER/FLOWER SCH ENABLED 7,,False,,,,,CHAMBER 1\LOCALS,False,False,DECIMAL
643,KM_108_EN,KM_108_EN,DIV00401,DIGITAL,1526,CHAMBER 1 MOTHER/FLOWER SCH ENABLED 8,,False,,,,,CHAMBER 1\LOCALS,False,False,DECIMAL
648,PDTH_100,PDTH_100,DIV00402,DIGITAL,1527,CHAMBER 1 FILTER DIFFERENTIAL PRESSURE HIGH ALARM,,False,,,,,CHAMBER 1\LOCALS,False,False,DECIMAL
701,HS_107SS_EVT,HS_107SS_EVT,DIV00404,DIGITAL,1528,CHAMBER 1 MOTHER/FLOWER SUNSET EVENT,,False,,,,,CHAMBER 1\LOCALS,False,False,DECIMAL
702,HS_107LON_EVT,HS_107LON_EVT,DIV00405,DIGITAL,1529,CHAMBER 1 MOTHER/FLOWER LIGHT ON EVENT,,False,,,,,CHAMBER 1\LOCALS,False,False,DECIMAL
703,HS_107FSR,HS_107FSR,DIV00406,DIGITAL,1530,CHAMBER 1 MOTHER/FLOWER FORCE SUNRISE,,False,,,,,CHAMBER 1\LOCALS,False,False,DECIMAL
704,HS_107FST,HS_107FST,DIV00407,DIGITAL,1531,CHAMBER 1 MOTHER/FLOWER FORCE SUNSET,,False,,,,,CHAMBER 1\LOCALS,False,False,DECIMAL
710,KM_168_ULI,KM_168_ULI,DIV00408,DIGITAL,1532,CHAMBER 1 MOTHER/FLOWER UPDATE LIGHT INTENSITY,,False,,,,,CHAMBER 1\LOCALS,False,False,DECIMAL
714,HS_107SR_EVT,HS_107SR_EVT,DIV00409,DIGITAL,1533,CHAMBER 1 MOTHER/FLOWER SUNRISE EVENT,,False,,,,,CHAMBER 1\LOCALS,False,False,DECIMAL
715,KM_168_FLI,KM_168_FLI,DIV00410,DIGITAL,1534,CHAMBER 1 MOTHER/FLOWER FORCE LIGHT INTENSITY,,False,,,,,CHAMBER 1\LOCALS,False,False,DECIMAL
718,KV_169_FLI,KV_169_FLI,DIV00411,DIGITAL,1535,CHAMBER 1 VEG FORCE LIGHT INTENSITY,,False,,,,,CHAMBER 1\LOCALS,False,False,DECIMAL
721,KV_169_ULI,KV_169_ULI,DIV00412,DIGITAL,1536,CHAMBER 1 VEG UPDATE LIGHT INTENSITY,,False,,,,,CHAMBER 1\LOCALS,False,False,DECIMAL
724,HS_108FSR,HS_108FSR,DIV00413,DIGITAL,1537,CHAMBER 1 VEG  FORCE SUNRISE,,False,,,,,CHAMBER 1\LOCALS,False,False,DECIMAL
725,HS_108FST,HS_108FST,DIV00414,DIGITAL,1538,CHAMBER 1 VEG FORCE SUNSET,,False,,,,,CHAMBER 1\LOCALS,False,False,DECIMAL
726,HS_108LON_EVT,HS_108LON_EVT,DIV00415,DIGITAL,1539,CHAMBER 1 VEG LIGHT ON EVENT,,False,,,,,CHAMBER 1\LOCALS,False,False,DECIMAL
727,HS_108SR_EVT,HS_108SR_EVT,DIV00416,DIGITAL,1540,CHAMBER 1 VEG SUNRISE EVENT,,False,,,,,CHAMBER 1\LOCALS,False,False,DECIMAL
728,HS_108SS_EVT,HS_108SS_EVT,DIV00417,DIGITAL,1541,CHAMBER 1 VEG SUNSET EVENT,,False,,,,,CHAMBER 1\LOCALS,False,False,DECIMAL
729,HS_115FSR,HS_115FSR,DIV00418,DIGITAL,1542,CHAMBER 1 CLONE FORCE SUNRISE,,False,,,,,CHAMBER 1\LOCALS,False,False,DECIMAL
730,HS_115FST,HS_115FST,DIV00419,DIGITAL,1543,CHAMBER 1 CLONE FORCE SUNSET,,False,,,,,CHAMBER 1\LOCALS,False,False,DECIMAL
731,HS_115LON_EVT,HS_115LON_EVT,DIV00420,DIGITAL,1544,CHAMBER 1 CLONE LIGHT ON EVENT,,False,,,,,CHAMBER 1\LOCALS,False,False,DECIMAL
732,HS_115SR_EVT,HS_115SR_EVT,DIV00421,DIGITAL,1545,CHAMBER 1 CLONE SUNRISE EVENT,,False,,,,,CHAMBER 1\LOCALS,False,False,DECIMAL
733,HS_115SS_EVT,HS_115SS_EVT,DIV00422,DIGITAL,1546,CHAMBER 1 CLONE SUNSET EVENT,,False,,,,,CHAMBER 1\LOCALS,False,False,DECIMAL
736,KC_170_FLI,KC_170_FLI,DIV00423,DIGITAL,1547,CHAMBER 1 CLONE FORCE LIGHT INTENSITY,,False,,,,,CHAMBER 1\LOCALS,False,False,DECIMAL
740,KC_170_ULI,KC_170_ULI,DIV00424,DIGITAL,1548,CHAMBER 1 CLONE UPDATE LIGHT INTENSITY,,False,,,,,CHAMBER 1\LOCALS,False,False,DECIMAL
744,IS_DAY,IS_DAY,DIV00426,DIGITAL,1549,"CHAMBER 1 DAY FLAG (=1 DAYTIME,0=NIGHTTIME)",,False,,,,,CHAMBER 1\LOCALS,False,False,DECIMAL
527,LI_101_SP,LI_101_SP,AIV00319,FLOAT,1600,CHAMBER 1 RESERVOIR FILL SETPOINT,,True,,0,1000,1,CHAMBER 1\LOCALS,False,False,DECIMAL
528,XY_124LDB,XY_124LDB,AIV00318,FLOAT,1602,CHAMBER1 R/O WATER CTRL LOW DEADBAND,,True,,0,1000,1,CHAMBER 1\LOCALS,False,False,DECIMAL
546,PAL101_ALM_LVL,PAL101_ALM_LVL,AIV00340,FLOAT,1604,CHAMBER1NUTRIENT FEED HI PRESSURE ALM HI SP (psi),,True,,0,1000,1,CHAMBER 1\LOCALS,False,False,DECIMAL
559,AT_106_SP,AT_106_SP,AIV00133,FLOAT,1606,CHAMBER 1 NUTRIENT TANK pH SETPOINT,,True,,0,1000,1,CHAMBER 1\LOCALS,False,False,DECIMAL
608,MT_101AVG,MT_101AVG,AIV00327,FLOAT,1608,CHAMBER 1 VEG HUMIDITY AVERAGE,,True,,0,1000,1,CHAMBER 1\LOCALS,False,False,DECIMAL
609,MT_103AVG,MT_103AVG,AIV00328,FLOAT,1610,CHAMBER 1 MOTHER HUMIDITY AVERAGE,,True,,0,1000,1,CHAMBER 1\LOCALS,False,False,DECIMAL
647,PDA101_ALM_LVL,PDA101_ALM_LVL,AIV00350,FLOAT,1612,CHAMBER 1 FILTER PRESSURE DIFFERENTIAL ALM LIMIT,,True,,0,1000,1,CHAMBER 1\LOCALS,False,False,DECIMAL
661,TIC_109_NSP,TIC_109_NSP,AIV00351,FLOAT,1614,CHAMBER 1 COOLING NIGHT SETPOINT,,True,,0,1000,1,CHAMBER 1\LOCALS,False,False,DECIMAL
663,TIC_109_DSP,TIC_109_DSP,AIV00352,FLOAT,1616,CHAMBER 1 COOLING DAY SETPOINT,,True,,0,1000,1,CHAMBER 1\LOCALS,False,False,DECIMAL
664,TIC_110_NSP,TIC_110_NSP,AIV00353,FLOAT,1618,CHAMBER 1 HEATING NIGHT SETPOINT,,True,,0,1000,1,CHAMBER 1\LOCALS,False,False,DECIMAL
665,TIC_110_DSP,TIC_110_DSP,AIV00354,FLOAT,1620,CHAMBER 1 HEATING DAY SETPOINT,,True,,0,1000,1,CHAMBER 1\LOCALS,False,False,DECIMAL
666,HIC_103_NSP,HIC_103_NSP,AIV00355,FLOAT,1622,CHAMBER 1 DEHUMIDIFIER NIGHT SETPOINT,,True,,0,1000,1,CHAMBER 1\LOCALS,False,False,DECIMAL
667,HIC_103_DSP,HIC_103_DSP,AIV00356,FLOAT,1624,CHAMBER 1 DEHUMIDIFIER DAY SETPOINT,,True,,0,1000,1,CHAMBER 1\LOCALS,False,False,DECIMAL
668,HIC_104_NSP,HIC_104_NSP,AIV00357,FLOAT,1626,CHAMBER 1 HUMIDIFIER NIGHT SETPOINT,,True,,0,1000,1,CHAMBER 1\LOCALS,False,False,DECIMAL
669,HIC_104_DSP,HIC_104_DSP,AIV00358,FLOAT,1628,CHAMBER 1 HUMIDIFIER DAY SETPOINT,,True,,0,1000,1,CHAMBER 1\LOCALS,False,False,DECIMAL
677,XIC_125_SP,XIC_125_SP,AIV00138,FLOAT,1630,CHAMBER 1 CO2 CONTROLLER SETPOINT,,True,,0,1000,1,CHAMBER 1\LOCALS,False,False,DECIMAL
530,HS_150HOA,HS_150HOA,AIV00317,16BITS,1700,CHAMBER 1 R/O WATER FILL - HOA STATE,,False,,0,1000,1,CHAMBER 1\LOCALS,False,False,DECIMAL
531,HS_151HOA,HS_151HOA,AIV00320,16BITS,1701,CHAMBER 1 RECIRCULATION - HOA STATE,,False,,0,1000,1,CHAMBER 1\LOCALS,False,False,DECIMAL
532,HS_152HOA,HS_152HOA,AIV00321,16BITS,1702,CHAMBER 1 FEED MOTHER - HOA STATE,,False,,0,1000,1,CHAMBER 1\LOCALS,False,False,DECIMAL
533,HS_153HOA,HS_153HOA,AIV00322,16BITS,1703,CHAMBER 1 DRAIN - HOA STATE,,False,,0,1000,1,CHAMBER 1\LOCALS,False,False,DECIMAL
534,HS_155HOA,HS_155HOA,AIV00323,16BITS,1704,CHAMBER 1 FILL CHEMICAL - HOA STATE,,False,,0,1000,1,CHAMBER 1\LOCALS,False,False,DECIMAL
535,HS_156HOA,HS_156HOA,AIV00324,16BITS,1705,CHAMBER 1 ADJUST PH - HOA STATE,,False,,0,1000,1,CHAMBER 1\LOCALS,False,False,DECIMAL
536,HS_157HOA,HS_157HOA,AIV00325,16BITS,1706,CHAMBER 1 FEED VEG - HOA STATE,,False,,0,1000,1,CHAMBER 1\LOCALS,False,False,DECIMAL
538,XY_104OCA,XY_104OCA,AIV00326,16BITS,1707,CHAMBER 1 FEED MOTHER VLV - OCA STATE,,False,,0,1000,1,CHAMBER 1\LOCALS,False,False,DECIMAL
529,XY_110OCA,XY_110OCA,AIV00316,16BITS,1708,CHAMBER 1 NUTRIENT RECIRC VLV - OCA STATE,,False,,0,1000,1,CHAMBER 1\LOCALS,False,False,DECIMAL
678,KX_125_ONH,KX_125_ONH,AIV00329,16BITS,1709,CHAMBER 1 CO2 ON HR,,False,,0,1000,1,CHAMBER 1\LOCALS,False,False,DECIMAL
679,KX_125_OFH,KX_125_OFH,AIV00330,16BITS,1710,CHAMBER 1 CO2 OFF HR,,False,,0,1000,1,CHAMBER 1\LOCALS,False,False,DECIMAL
680,KX_125_ONM,KX_125_ONM,AIV00331,16BITS,1711,CHAMBER 1 CO2 ON MIN,,False,,0,1000,1,CHAMBER 1\LOCALS,False,False,DECIMAL
681,KX_125_OFM,KX_125_OFM,AIV00332,16BITS,1712,CHAMBER 1 CO2 OFF MIN,,False,,0,1000,1,CHAMBER 1\LOCALS,False,False,DECIMAL
682,KX_125_ONAP,KX_125_ONAP,AIV00333,16BITS,1713,CHAMBER 1 CO2 ON AM/PM (1=PM),,False,,0,1000,1,CHAMBER 1\LOCALS,False,False,DECIMAL
683,KX_125_OFAP,KX_125_OFAP,AIV00334,16BITS,1714,CHAMBER 1 CO2  OFF AM/PM (1=PM),,False,,0,1000,1,CHAMBER 1\LOCALS,False,False,DECIMAL
684,KM_168_ONH,KM_168_ONH,AIV00335,16BITS,1715,CHAMBER 1 MOTHER/FLOWER LIGHTS ON HR,,False,,0,1000,1,CHAMBER 1\LOCALS,False,False,DECIMAL
685,KM_168_OFH,KM_168_OFH,AIV00336,16BITS,1716,CHAMBER 1 MOTHER/FLOWER LIGHTS OFF HR,,False,,0,1000,1,CHAMBER 1\LOCALS,False,False,DECIMAL
686,KM_168_ONM,KM_168_ONM,AIV00337,16BITS,1717,CHAMBER 1 MOTHER/FLOWER LIGHTS ON MIN,,False,,0,1000,1,CHAMBER 1\LOCALS,False,False,DECIMAL
687,KM_168_OFM,KM_168_OFM,AIV00359,16BITS,1718,CHAMBER 1 MOTHER/FLOWER LIGHTS OFF MIN,,False,,0,1000,1,CHAMBER 1\LOCALS,False,False,DECIMAL
688,KM_168_ONAP,KM_168_ONAP,AIV00360,16BITS,1719,CHAMBER 1 MOTHER/FLOWER LIGHTS ON AM/PM (1=PM),,False,,0,1000,1,CHAMBER 1\LOCALS,False,False,DECIMAL
689,KM_168_OFAP,KM_168_OFAP,AIV00361,16BITS,1720,CHAMBER 1 MOTHER/FLOWER LIGHTS  OFF AM/PM (1=PM),,False,,0,1000,1,CHAMBER 1\LOCALS,False,False,DECIMAL
544,K101_ON_SP,K101_ON_SP,AIV00338,16BITS,1721,CHAMBER 1 RECIRCULATION ON DUR (S),,False,,0,1000,1,CHAMBER 1\LOCALS,False,False,DECIMAL
545,K101_OFF_SP,K101_OFF_SP,AIV00339,16BITS,1722,CHAMBER 1 RECIRCULATION OFF DUR (S),,False,,0,1000,1,CHAMBER 1\LOCALS,False,False,DECIMAL
551,QY114_SP,QY114_SP,AIV00341,16BITS,1723,CHAMBER 1 NUTRIENT 1 SETPOINT,,False,,0,1000,1,CHAMBER 1\LOCALS,False,False,DECIMAL
552,QY115_SP,QY115_SP,AIV00342,16BITS,1724,CHAMBER 1 NUTRIENT 2 SETPOINT,,False,,0,1000,1,CHAMBER 1\LOCALS,False,False,DECIMAL
553,QY116_SP,QY116_SP,AIV00343,16BITS,1725,CHAMBER 1 NUTRIENT 3 SETPOINT,,False,,0,1000,1,CHAMBER 1\LOCALS,False,False,DECIMAL
554,QY117_SP,QY117_SP,AIV00344,16BITS,1726,CHAMBER 1 NUTRIENT 4 SETPOINT,,False,,0,1000,1,CHAMBER 1\LOCALS,False,False,DECIMAL
555,QY118_SP,QY118_SP,AIV00345,16BITS,1727,CHAMBER 1 NUTRIENT 5 SETPOINT,,False,,0,1000,1,CHAMBER 1\LOCALS,False,False,DECIMAL
556,QY119_SP,QY119_SP,AIV00346,16BITS,1728,CHAMBER 1 NUTRIENT 6 SETPOINT,,False,,0,1000,1,CHAMBER 1\LOCALS,False,False,DECIMAL
557,QY120_SP,QY120_SP,AIV00347,16BITS,1729,CHAMBER 1 NUTRIENT 7 SETPOINT,,False,,0,1000,1,CHAMBER 1\LOCALS,False,False,DECIMAL
570,HS_158HOA,HS_158HOA,AIV00348,16BITS,1730,CHAMBER 1 SCHEDULE/SENSOR MOTHER HOA STATE,,False,,0,1000,1,CHAMBER 1\LOCALS,False,False,DECIMAL
577,HS_159HOA,HS_159HOA,AIV00349,16BITS,1732,CHAMBER 1 SCHEDULE/SENSOR VEG HOA STATE,,False,,0,1000,1,CHAMBER 1\LOCALS,False,False,DECIMAL
571,KV_101_FOH,KV_101_FOH,AIV00222,16BITS,1733,CHAMBER 1 VEG SCHFEED ON HR 1,,False,,0,1000,1,CHAMBER 1\LOCALS,False,False,DECIMAL
574,KV_102_FOH,KV_102_FOH,AIV00223,16BITS,1734,CHAMBER 1 VEG SCHULE FEED ON HR  2,,False,,0,1000,1,CHAMBER 1\LOCALS,False,False,DECIMAL
578,KV_103_FOH,KV_103_FOH,AIV00228,16BITS,1735,CHAMBER 1 VEG SCHULE FEED ON HR  3,,False,,0,1000,1,CHAMBER 1\LOCALS,False,False,DECIMAL
579,KV_104_FOH,KV_104_FOH,AIV00229,16BITS,1736,CHAMBER 1 VEG SCHULE FEED ON HR  4,,False,,0,1000,1,CHAMBER 1\LOCALS,False,False,DECIMAL
580,KM_101_FOH,KM_101_FOH,AIV00230,16BITS,1737,CHAMBER 1 MOTHER/FLOWER SCH FEED ON HR  1,,False,,0,1000,1,CHAMBER 1\LOCALS,False,False,DECIMAL
581,KM_102_FOH,KM_102_FOH,AIV00231,16BITS,1738,CHAMBER 1 MOTHER/FLOWER SCH FEED ON HR  2,,False,,0,1000,1,CHAMBER 1\LOCALS,False,False,DECIMAL
582,KM_103_FOH,KM_103_FOH,AIV00232,16BITS,1739,CHAMBER 1 MOTHER/FLOWER SCH FEED ON HR  3,,False,,0,1000,1,CHAMBER 1\LOCALS,False,False,DECIMAL
583,KM_104_FOH,KM_104_FOH,AIV00233,16BITS,1740,CHAMBER 1 MOTHER/FLOWER SCH FEED ON HR  4,,False,,0,1000,1,CHAMBER 1\LOCALS,False,False,DECIMAL
584,KM_105_FOH,KM_105_FOH,AIV00234,16BITS,1741,CHAMBER 1 MOTHER/FLOWER SCH FEED ON HR  5,,False,,0,1000,1,CHAMBER 1\LOCALS,False,False,DECIMAL
585,KM_106_FOH,KM_106_FOH,AIV00235,16BITS,1742,CHAMBER 1 MOTHER/FLOWER SCH FEED ON HR  6,,False,,0,1000,1,CHAMBER 1\LOCALS,False,False,DECIMAL
586,KM_107_FOH,KM_107_FOH,AIV00236,16BITS,1743,CHAMBER 1 MOTHER/FLOWER SCH FEED ON HR  7,,False,,0,1000,1,CHAMBER 1\LOCALS,False,False,DECIMAL
587,KM_108_FOH,KM_108_FOH,AIV00237,16BITS,1744,CHAMBER 1 MOTHER/FLOWER SCH FEED ON HR  8,,False,,0,1000,1,CHAMBER 1\LOCALS,False,False,DECIMAL
572,KV_101_FOM,KV_101_FOM,AIV00224,16BITS,1745,CHAMBER 1 VEG SCH FEED ON  MIN  1 ,,False,,0,1000,1,CHAMBER 1\LOCALS,False,False,DECIMAL
575,KV_102_FOM,KV_102_FOM,AIV00226,16BITS,1746,CHAMBER 1 VEG SCH FEED ON  MIN  2 ,,False,,0,1000,1,CHAMBER 1\LOCALS,False,False,DECIMAL
588,KV_103_FOM,KV_103_FOM,AIV00238,16BITS,1747,CHAMBER 1 VEG SCH FEED ON  MIN  3 ,,False,,0,1000,1,CHAMBER 1\LOCALS,False,False,DECIMAL
589,KV_104_FOM,KV_104_FOM,AIV00239,16BITS,1748,CHAMBER 1 VEG SCH FEED ON  MIN  4 ,,False,,0,1000,1,CHAMBER 1\LOCALS,False,False,DECIMAL
590,KM_101_FOM,KM_101_FOM,AIV00240,16BITS,1749,CHAMBER 1 MOTHER/FLOWER SCH FEED ON  MIN  1,,False,,0,1000,1,CHAMBER 1\LOCALS,False,False,DECIMAL
591,KM_102_FOM,KM_102_FOM,AIV00241,16BITS,1750,CHAMBER 1 MOTHER/FLOWER SCH FEED ON  MIN  2,,False,,0,1000,1,CHAMBER 1\LOCALS,False,False,DECIMAL
592,KM_103_FOM,KM_103_FOM,AIV00242,16BITS,1751,CHAMBER 1 MOTHER/FLOWER SCH FEED ON  MIN  3,,False,,0,1000,1,CHAMBER 1\LOCALS,False,False,DECIMAL
593,KM_104_FOM,KM_104_FOM,AIV00243,16BITS,1752,CHAMBER 1 MOTHER/FLOWER SCH FEED ON  MIN  4,,False,,0,1000,1,CHAMBER 1\LOCALS,False,False,DECIMAL
594,KM_105_FOM,KM_105_FOM,AIV00244,16BITS,1753,CHAMBER 1 MOTHER/FLOWER SCH FEED ON  MIN  5,,False,,0,1000,1,CHAMBER 1\LOCALS,False,False,DECIMAL
595,KM_106_FOM,KM_106_FOM,AIV00245,16BITS,1754,CHAMBER 1 MOTHER/FLOWER SCH FEED ON  MIN  6,,False,,0,1000,1,CHAMBER 1\LOCALS,False,False,DECIMAL
596,KM_107_FOM,KM_107_FOM,AIV00246,16BITS,1755,CHAMBER 1 MOTHER/FLOWER SCH FEED ON  MIN  7,,False,,0,1000,1,CHAMBER 1\LOCALS,False,False,DECIMAL
597,KM_108_FOM,KM_108_FOM,AIV00247,16BITS,1756,CHAMBER 1 MOTHER/FLOWER SCH FEED ON  MIN  8,,False,,0,1000,1,CHAMBER 1\LOCALS,False,False,DECIMAL
573,KV_101_FONAP,KV_101_FONAP,AIV00225,16BITS,1757,CHAMBER 1 VEG SCH FED ON AM/PM 1 (PM=1),,False,,0,1000,1,CHAMBER 1\LOCALS,False,False,DECIMAL
576,KV_102_FONAP,KV_102_FONAP,AIV00227,16BITS,1758,CHAMBER 1 VEG SCH FED ON AM/PM 2 (PM=1),,False,,0,1000,1,CHAMBER 1\LOCALS,False,False,DECIMAL
598,KV_103_FONAP,KV_103_FONAP,AIV00248,16BITS,1759,CHAMBER 1 VEG SCH FEED ON AM/PM 3 (PM=1),,False,,0,1000,1,CHAMBER 1\LOCALS,False,False,DECIMAL
599,KV_104_FONAP,KV_104_FONAP,AIV00249,16BITS,1760,CHAMBER 1 VEG SCH FEED ON AM/PM 4 (PM=1),,False,,0,1000,1,CHAMBER 1\LOCALS,False,False,DECIMAL
600,KM_101_FONAP,KM_101_FONAP,AIV00250,16BITS,1761,CHAMBER 1 MOTHER/FLOWER SCH FEED ON AM/PM 1 (PM=1),,False,,0,1000,1,CHAMBER 1\LOCALS,False,False,DECIMAL
601,KM_102_FONAP,KM_102_FONAP,AIV00251,16BITS,1762,CHAMBER 1 MOTHER/FLOWER SCH FEED ON AM/PM 2 (PM=1),,False,,0,1000,1,CHAMBER 1\LOCALS,False,False,DECIMAL
602,KM_103_FONAP,KM_103_FONAP,AIV00252,16BITS,1763,CHAMBER 1 MOTHER/FLOWER SCH FEED ON AM/PM 3 (PM=1),,False,,0,1000,1,CHAMBER 1\LOCALS,False,False,DECIMAL
603,KM_104_FONAP,KM_104_FONAP,AIV00253,16BITS,1764,CHAMBER 1 MOTHER/FLOWER SCH FEED ON AM/PM 4 (PM=1),,False,,0,1000,1,CHAMBER 1\LOCALS,False,False,DECIMAL
604,KM_105_FONAP,KM_105_FONAP,AIV00254,16BITS,1765,CHAMBER 1 MOTHER/FLOWER SCH FEED ON AM/PM 5 (PM=1),,False,,0,1000,1,CHAMBER 1\LOCALS,False,False,DECIMAL
605,KM_106_FONAP,KM_106_FONAP,AIV00255,16BITS,1766,CHAMBER 1 MOTHER/FLOWER SCH FEED ON AM/PM 6 (PM=1),,False,,0,1000,1,CHAMBER 1\LOCALS,False,False,DECIMAL
606,KM_107_FONAP,KM_107_FONAP,AIV00256,16BITS,1767,CHAMBER 1 MOTHER/FLOWER SCH FEED ON AM/PM 7 (PM=1),,False,,0,1000,1,CHAMBER 1\LOCALS,False,False,DECIMAL
607,KM_108_FONAP,KM_108_FONAP,AIV00257,16BITS,1768,CHAMBER 1 MOTHER/FLOWER SCH FEED ON AM/PM 8 (PM=1),,False,,0,1000,1,CHAMBER 1\LOCALS,False,False,DECIMAL
614,KM_101_DUR,KM_101_DUR,AIV00258,16BITS,1769,CHAMBER 1 MOTHER/FLOWER SCH FEED DUR (sec) 1,,False,,0,1000,1,CHAMBER 1\LOCALS,False,False,DECIMAL
615,KM_102_DUR,KM_102_DUR,AIV00259,16BITS,1770,CHAMBER 1 MOTHER/FLOWER SCH FEED DUR (sec) 2,,False,,0,1000,1,CHAMBER 1\LOCALS,False,False,DECIMAL
616,KM_103_DUR,KM_103_DUR,AIV00260,16BITS,1771,CHAMBER 1 MOTHER/FLOWER SCH FEED DUR (sec) 3,,False,,0,1000,1,CHAMBER 1\LOCALS,False,False,DECIMAL
617,KM_104_DUR,KM_104_DUR,AIV00261,16BITS,1772,CHAMBER 1 MOTHER/FLOWER SCH FEED DUR (sec) 4,,False,,0,1000,1,CHAMBER 1\LOCALS,False,False,DECIMAL
618,KM_105_DUR,KM_105_DUR,AIV00262,16BITS,1773,CHAMBER 1 MOTHER/FLOWER SCH FEED DUR (sec) 5,,False,,0,1000,1,CHAMBER 1\LOCALS,False,False,DECIMAL
619,KM_106_DUR,KM_106_DUR,AIV00263,16BITS,1774,CHAMBER 1 MOTHER/FLOWER SCH FEED DUR (sec) 6,,False,,0,1000,1,CHAMBER 1\LOCALS,False,False,DECIMAL
620,KM_107_DUR,KM_107_DUR,AIV00264,16BITS,1775,CHAMBER 1 MOTHER/FLOWER SCH FEED DUR (sec) 7,,False,,0,1000,1,CHAMBER 1\LOCALS,False,False,DECIMAL
621,KM_108_DUR,KM_108_DUR,AIV00265,16BITS,1776,CHAMBER 1 MOTHER/FLOWER SCH FEED DUR (sec) 8,,False,,0,1000,1,CHAMBER 1\LOCALS,False,False,DECIMAL
622,KV_101_DUR,KV_101_DUR,AIV00266,16BITS,1777,CHAMBER 1 VEG SCH FEED DUR (sec) 1,,False,,0,1000,1,CHAMBER 1\LOCALS,False,False,DECIMAL
623,KV_102_DUR,KV_102_DUR,AIV00267,16BITS,1778,CHAMBER 1 VEG SCH FEED DUR (sec) 2,,False,,0,1000,1,CHAMBER 1\LOCALS,False,False,DECIMAL
624,KV_103_DUR,KV_103_DUR,AIV00268,16BITS,1779,CHAMBER 1 VEG SCH FEED DUR (sec) 3,,False,,0,1000,1,CHAMBER 1\LOCALS,False,False,DECIMAL
625,KV_104_DUR,KV_104_DUR,AIV00269,16BITS,1780,CHAMBER 1 VEG SCH FEED DUR (sec) 4,,False,,0,1000,1,CHAMBER 1\LOCALS,False,False,DECIMAL
628,MT_101_DUR,MT_101_DUR,AIV00272,16BITS,1781,CHAMBER 1 VEG HUMDITY FEED DUR (sec),,False,,0,1000,1,CHAMBER 1\LOCALS,False,False,DECIMAL
626,MT_101_SP,MT_101_SP,AIV00270,FLOAT,1782,CHAMBER 1 VEG HUMIDITY FEED SETPOINT (%),,True,,0,1000,1,CHAMBER 1\LOCALS,False,False,DECIMAL
627,MT_103_SP,MT_103_SP,AIV00271,FLOAT,1784,CHAMBER 1 MOTHER/FLOWER HUMIDITY FEED SETPOINT (%),,True,,0,1000,1,CHAMBER 1\LOCALS,False,False,DECIMAL
629,MT_103_DUR,MT_103_DUR,AIV00273,16BITS,1786,CHAMBER 1 MOTHER/FLOWER HUMDITY FEED DUR (sec),,False,,0,1000,1,CHAMBER 1\LOCALS,False,False,DECIMAL
630,MT_101_OFF_DUR,MT_101_OFF_DUR,AIV00274,16BITS,1787,CHAMBER 1 VEG HUMDITY FEED OFF DUR (sec),,False,,0,1000,1,CHAMBER 1\LOCALS,False,False,DECIMAL
631,MT_103_OFF_DUR,MT_103_OFF_DUR,AIV00275,16BITS,1788,CHAMBER 1 MOTHER/FLOWER HUMDITY FEED OFF DUR (sec),,False,,0,1000,1,CHAMBER 1\LOCALS,False,False,DECIMAL
649,HS_160HOA,HS_160HOA,AIV00276,16BITS,1789,CHAMBER 1 AIR HANDLER HOA,,False,,0,1000,1,CHAMBER 1\LOCALS,False,False,DECIMAL
650,HS_161HOA,HS_161HOA,AIV00277,16BITS,1790,CHAMBER 1 DUCT UV LIGHT HOA,,False,,0,1000,1,CHAMBER 1\LOCALS,False,False,DECIMAL
651,HS_162HOA,HS_162HOA,AIV00278,16BITS,1791,CHAMBER 1 COOLING HOA,,False,,0,1000,1,CHAMBER 1\LOCALS,False,False,DECIMAL
652,HS_163HOA,HS_163HOA,AIV00279,16BITS,1792,CHAMBER 1 HEATING HOA,,False,,0,1000,1,CHAMBER 1\LOCALS,False,False,DECIMAL
653,HS_164HOA,HS_164HOA,AIV00280,16BITS,1793,CHAMBER 1 DEHUMIDIFIER HOA,,False,,0,1000,1,CHAMBER 1\LOCALS,False,False,DECIMAL
654,HS_165HOA,HS_165HOA,AIV00281,16BITS,1794,CHAMBER 1 HUMIDIFIER HOA,,False,,0,1000,1,CHAMBER 1\LOCALS,False,False,DECIMAL
655,HS_166HOA,HS_166HOA,AIV00282,16BITS,1795,CHAMBER 1 CO2 HOA,,False,,0,1000,1,CHAMBER 1\LOCALS,False,False,DECIMAL
656,HS_167HOA,HS_167HOA,AIV00283,16BITS,1796,CHAMBER 1 OSCILATING FAN HOA,,False,,0,1000,1,CHAMBER 1\LOCALS,False,False,DECIMAL
657,HS_168HOA,HS_168HOA,AIV00284,16BITS,1797,CHAMBER 1 MOTHER/FLOWER LIGHTS HOA,,False,,0,1000,1,CHAMBER 1\LOCALS,False,False,DECIMAL
658,HS_169HOA,HS_169HOA,AIV00285,16BITS,1798,CHAMBER 1 VEG LIGHTS HOA,,False,,0,1000,1,CHAMBER 1\LOCALS,False,False,DECIMAL
659,HS_170HOA,HS_170HOA,AIV00286,16BITS,1799,CHAMBER 1 CLONE LIGHTS HOA,,False,,0,1000,1,CHAMBER 1\LOCALS,False,False,DECIMAL
660,HS_171HOA,HS_171HOA,AIV00287,16BITS,1800,CHAMBER x UV LIGHTS HOA,,False,,0,1000,1,CHAMBER 1\LOCALS,False,False,DECIMAL
690,KC_170_OFH,KC_170_OFH,AIV00363,16BITS,1801,CHAMBER 1 CLONE LIGHTS OFF HR,,False,,0,1000,1,CHAMBER 1\LOCALS,False,False,DECIMAL
691,KC_170_ONM,KC_170_ONM,AIV00364,16BITS,1802,CHAMBER 1 CLONE LIGHTS ON MIN,,False,,0,1000,1,CHAMBER 1\LOCALS,False,False,DECIMAL
692,KC_170_OFM,KC_170_OFM,AIV00365,16BITS,1803,CHAMBER 1 CLONE LIGHTS OFF MIN,,False,,0,1000,1,CHAMBER 1\LOCALS,False,False,DECIMAL
693,KC_170_ONAP,KC_170_ONAP,AIV00366,16BITS,1804,CHAMBER 1 CLONE LIGHTS ON AM/PM (1=PM),,False,,0,1000,1,CHAMBER 1\LOCALS,False,False,DECIMAL
694,KC_170_OFAP,KC_170_OFAP,AIV00367,16BITS,1805,CHAMBER 1 CLONE LIGHTS  OFF AM/PM (1=PM),,False,,0,1000,1,CHAMBER 1\LOCALS,False,False,DECIMAL
695,KV_169_ONH,KV_169_ONH,AIV00368,16BITS,1806,CHAMBER 1 VEG LIGHTS ON HR,,False,,0,1000,1,CHAMBER 1\LOCALS,False,False,DECIMAL
696,KV_169_OFH,KV_169_OFH,AIV00369,16BITS,1807,CHAMBER 1 VEG LIGHTS OFF HR,,False,,0,1000,1,CHAMBER 1\LOCALS,False,False,DECIMAL
697,KV_169_ONM,KV_169_ONM,AIV00370,16BITS,1808,CHAMBER 1 VEG LIGHTS ON MIN,,False,,0,1000,1,CHAMBER 1\LOCALS,False,False,DECIMAL
698,KV_169_OFM,KV_169_OFM,AIV00371,16BITS,1809,CHAMBER 1 VEG LIGHTS OFF MIN,,False,,0,1000,1,CHAMBER 1\LOCALS,False,False,DECIMAL
699,KV_169_ONAP,KV_169_ONAP,AIV00372,16BITS,1810,CHAMBER 1 VEG  LIGHTS ON AM/PM (1=PM),,False,,0,1000,1,CHAMBER 1\LOCALS,False,False,DECIMAL
700,KV_169_OFAP,KV_169_OFAP,AIV00373,16BITS,1811,CHAMBER 1 VEG LIGHTS  OFF AM/PM (1=PM),,False,,0,1000,1,CHAMBER 1\LOCALS,False,False,DECIMAL
705,KI_LIGHT_SRI,KI_LIGHT_SRI,AIV00374,16BITS,1812,CHAMBER 1 LIGHT SUNRISE/SUNSET REFRESH INTERVAL s,,False,,0,1000,1,CHAMBER 1\LOCALS,False,False,DECIMAL
706,KI_LIGHT_SRT,KI_LIGHT_SRT,AIV00375,16BITS,1813,CHAMBER 1 LIGHT SUNRISE/SUNSET RAMP TIME (min),,False,,0,1000,1,CHAMBER 1\LOCALS,False,False,DECIMAL
707,KM_168_RED_H,KM_168_RED_H,AIV00376,16BITS,1814,CHAMBER 1 MOTHER/FOWER LIGHTS  HAND RED INTENSITY,,False,,0,1000,1,CHAMBER 1\LOCALS,False,False,DECIMAL
708,KM_168_WHITE_H,KM_168_WHITE_H,AIV00377,16BITS,1815,CHAMBER 1 MOTHER/FOWER LIGHTS HAND WHITE INTENSITY,,False,,0,1000,1,CHAMBER 1\LOCALS,False,False,DECIMAL
709,KM_168_BLUE_H,KM_168_BLUE_H,AIV00378,16BITS,1816,CHAMBER 1 MOTHER/FOWER LIGHTS HAND BLUE INTENSITY,,False,,0,1000,1,CHAMBER 1\LOCALS,False,False,DECIMAL
711,KM_168_RED,KM_168_RED,AIV00379,16BITS,1817,CHAMBER 1 MOTHER/FOWER LIGHTS RED INTENSITY,,False,,0,1000,1,CHAMBER 1\LOCALS,False,False,DECIMAL
712,KM_168_WHITE,KM_168_WHITE,AIV00380,16BITS,1818,CHAMBER 1 MOTHER/FOWER LIGHTS HAND WHITE INTENSITY,,False,,0,1000,1,CHAMBER 1\LOCALS,False,False,DECIMAL
713,KM_168_BLUE,KM_168_BLUE,AIV00385,16BITS,1819,CHAMBER 1 MOTHER/FOWER LIGHTS HAND BLUE INTENSITY,,False,,0,1000,1,CHAMBER 1\LOCALS,False,False,DECIMAL
716,KV_169_BLUE,KV_169_BLUE,AIV00393,16BITS,1820,CHAMBER 1 VEG LIGHTS HAND BLUE INTENSITY,,False,,0,1000,1,CHAMBER 1\LOCALS,False,False,DECIMAL
717,KV_169_BLUE_H,KV_169_BLUE_H,AIV00394,16BITS,1821,CHAMBER 1 VEG LIGHTS HAND BLUE INTENSITY,,False,,0,1000,1,CHAMBER 1\LOCALS,False,False,DECIMAL
719,KV_169_RED,KV_169_RED,AIV00395,16BITS,1822,CHAMBER 1 VEG LIGHTS RED INTENSITY,,False,,0,1000,1,CHAMBER 1\LOCALS,False,False,DECIMAL
720,KV_169_RED_H,KV_169_RED_H,AIV00396,16BITS,1823,CHAMBER 1 VEG LIGHTS  HAND RED INTENSITY,,False,,0,1000,1,CHAMBER 1\LOCALS,False,False,DECIMAL
722,KV_169_WHITE,KV_169_WHITE,AIV00397,16BITS,1824,CHAMBER 1 VEG LIGHTS HAND WHITE INTENSITY,,False,,0,1000,1,CHAMBER 1\LOCALS,False,False,DECIMAL
723,KV_169_WHITE_H,KV_169_WHITE_H,AIV00398,16BITS,1825,CHAMBER 1 VEG LIGHTS HAND WHITE INTENSITY,,False,,0,1000,1,CHAMBER 1\LOCALS,False,False,DECIMAL
734,KC_170_BLUE,KC_170_BLUE,AIV00399,16BITS,1826,CHAMBER 1 CLONE LIGHTS HAND BLUE INTENSITY,,False,,0,1000,1,CHAMBER 1\LOCALS,False,False,DECIMAL
735,KC_170_BLUE_H,KC_170_BLUE_H,AIV00400,16BITS,1827,CHAMBER 1 CLONE LIGHTS HAND BLUE INTENSITY,,False,,0,1000,1,CHAMBER 1\LOCALS,False,False,DECIMAL
737,KC_170_ONH,KC_170_ONH,AIV00405,16BITS,1832,CHAMBER 1 CLONE LIGHTS ON HR,,False,,0,1000,1,CHAMBER 1\LOCALS,False,False,DECIMAL
738,KC_170_RED,KC_170_RED,AIV00407,16BITS,1834,CHAMBER 1 CLONE LIGHTS RED INTENSITY,,False,,0,1000,1,CHAMBER 1\LOCALS,False,False,DECIMAL
739,KC_170_RED_H,KC_170_RED_H,AIV00408,16BITS,1835,CHAMBER 1 CLONE LIGHTS  HAND RED INTENSITY,,False,,0,1000,1,CHAMBER 1\LOCALS,False,False,DECIMAL
741,KC_170_WHITE,KC_170_WHITE,AIV00409,16BITS,1836,CHAMBER 1 CLONE LIGHTS HAND WHITE INTENSITY,,False,,0,1000,1,CHAMBER 1\LOCALS,False,False,DECIMAL
742,KC_170_WHITE_H,KC_170_WHITE_H,AIV00410,16BITS,1837,CHAMBER 1 CLONE LIGHTS HAND WHITE INTENSITY,,False,,0,1000,1,CHAMBER 1\LOCALS,False,False,DECIMAL
332,AT_201,AT_201,AIV00070,FLOAT,2000,CHAMBER 2 NUTRIENT TANK pH TRANSMITTER,,True,,0,1000,1,CHAMBER 2,False,False,DECIMAL
333,AT_202,AT_202,AIV00071,FLOAT,2002,CHAMBER 2 NUTRIENT TANK EC TRANSMITTER,,True,,0,1000,1,CHAMBER 2,False,False,DECIMAL
334,AT_203,AT_203,AIV00072,FLOAT,2004,CHAMBER 2 VAISALA CO2 TRANSMITTER,,True,,0,1000,1,CHAMBER 2,False,False,DECIMAL
335,AT_204,AT_204,AIV00073,FLOAT,2006,CHAMBER 2 VAISALA HUMIDITY TRANSMITTER,,True,,0,1000,1,CHAMBER 2,False,False,DECIMAL
336,AT_205,AT_205,AIV00074,FLOAT,2008,CHAMBER 2 VAISALA TEMP. TRANSMITTER,,True,,0,1000,1,CHAMBER 2,False,False,DECIMAL
337,FT_201,FT_201,AIV00075,FLOAT,2010,CHAMBER 2 NUTRIENT FEED FLOW TRANSMITTER,,True,,0,1000,1,CHAMBER 2,False,False,DECIMAL
350,LT_201,LT_201,AIV00076,FLOAT,2012,CHAMBER 2 NUTRIENT TANK LEVEL TRANSMITTER,,True,,0,1000,1,CHAMBER 2,False,False,DECIMAL
351,MT_201,MT_201,AIV00077,FLOAT,2014,CHAMBER 2 NUTRIENT MOISTURE TRANSMITTER 1,,True,,0,1000,1,CHAMBER 2,False,False,DECIMAL
352,MT_202,MT_202,AIV00078,FLOAT,2016,CHAMBER 2 NUTRIENT MOISTURE TRANSMITTER 2,,True,,0,1000,1,CHAMBER 2,False,False,DECIMAL
353,MT_203,MT_203,AIV00079,FLOAT,2018,CHAMBER 2 NUTRIENT MOISTURE TRANSMITTER 3,,True,,0,1000,1,CHAMBER 2,False,False,DECIMAL
354,PDT_201,PDT_201,AIV00080,FLOAT,2020,CHAMBER 2 FILTER PRESSURE DIFFERENTIAL TRANS,,True,,0,1000,1,CHAMBER 2,False,False,DECIMAL
355,PT_201,PT_201,AIV00081,FLOAT,2022,CHAMBER 2 NUTRIENT FEED PRESSURE TRANSMITTER,,True,,0,1000,1,CHAMBER 2,False,False,DECIMAL
356,SZ_201_R,SZ_201_R,AIV00082,FLOAT,2024,CHAMBER 2 SPECTRUM CONTROL RED,,True,,0,1000,1,CHAMBER 2,False,False,DECIMAL
357,SZ_201_B,SZ_201_B,AIV00083,FLOAT,2026,CHAMBER 2 SPECTRUM CONTROL BLUE,,True,,0,1000,1,CHAMBER 2,False,False,DECIMAL
358,SZ_201_G,SZ_201_G,AIV00084,FLOAT,2028,CHAMBER 2 SPECTRUM CONTROL GREEN,,True,,0,1000,1,CHAMBER 2,False,False,DECIMAL
338,HS_201,HS_201,DIV00238,DIGITAL,2030,CHAMBER 2 NUTRIENT FEED PUMP ON/OFF,,False,,,,,CHAMBER 2,False,False,DECIMAL
339,HS_202,HS_202,DIV00239,DIGITAL,2031,CHAMBER 2 DUCT UV LIGHT ON/OFF,,False,,,,,CHAMBER 2,False,False,DECIMAL
340,HS_203,HS_203,DIV00240,DIGITAL,2032,CHAMBER 2 DEHUMIDIFIER ON/OFF,,False,,,,,CHAMBER 2,False,False,DECIMAL
341,HS_204,HS_204,DIV00241,DIGITAL,2033,CHAMBER 2 HUMIDIFIER ON/OFF,,False,,,,,CHAMBER 2,False,False,DECIMAL
342,HS_205,HS_205,DIV00242,DIGITAL,2034,CHAMBER 2 FAN ON/OFF,,False,,,,,CHAMBER 2,False,False,DECIMAL
343,HS_206,HS_206,DIV00243,DIGITAL,2035,CHAMBER 2 OSCILLATING FANS ON/OFF,,False,,,,,CHAMBER 2,False,False,DECIMAL
344,HS_207,HS_207,DIV00244,DIGITAL,2036,CHAMBER 2 LIGHTS ON/OFF,,False,,,,,CHAMBER 2,False,False,DECIMAL
345,HS_208,HS_208,DIV00245,DIGITAL,2037,CHAMBER 2 UVB LIGHTS ON/OFF,,False,,,,,CHAMBER 2,False,False,DECIMAL
346,HS_209,HS_209,DIV00246,DIGITAL,2038,CHAMBER 2 COOLING ON/OFF,,False,,,,,CHAMBER 2,False,False,DECIMAL
347,HS_210,HS_210,DIV00247,DIGITAL,2039,CHAMBER 2 HEAT ON/OFF,,False,,,,,CHAMBER 2,False,False,DECIMAL
348,LSHH_201,LSHH_201,DIV00248,DIGITAL,2040,CHAMBER 2 NUTRIENT TANK LEVEL HI HI SHUT DOWN,,False,,,,,CHAMBER 2,False,False,DECIMAL
349,LSLL_201,LSLL_201,DIV00249,DIGITAL,2041,CHAMBER 2 NUTRIENT TANK LEVEL LO LO SHUT DOWN,,False,,,,,CHAMBER 2,False,False,DECIMAL
359,XY_204,XY_204,DIV00250,DIGITAL,2042,CHAMBER 2 NUTRIENT FEED SOLENOID VALVE,,False,,,,,CHAMBER 2,False,False,DECIMAL
360,XY_210,XY_210,DIV00251,DIGITAL,2043,CHAMBER 2 NUTRIENT FEED RECIRC SOLENOID VALVE,,False,,,,,CHAMBER 2,False,False,DECIMAL
361,XY_212,XY_212,DIV00252,DIGITAL,2044,CHAMBER 2 NUTRIENT TANK DRAIN SOLENOID VALVE,,False,,,,,CHAMBER 2,False,False,DECIMAL
362,XY_214,XY_214,DIV00253,DIGITAL,2045,CHAMBER 2 NUTRIENT 1 DOSING SOLENOID VALVE,,False,,,,,CHAMBER 2,False,False,DECIMAL
363,XY_215,XY_215,DIV00254,DIGITAL,2046,CHAMBER 2 NUTRIENT 2 DOSING SOLENOID VALVE,,False,,,,,CHAMBER 2,False,False,DECIMAL
364,XY_216,XY_216,DIV00255,DIGITAL,2047,CHAMBER 2 NUTRIENT 3 DOSING SOLENOID VALVE,,False,,,,,CHAMBER 2,False,False,DECIMAL
365,XY_217,XY_217,DIV00256,DIGITAL,2048,CHAMBER 2 NUTRIENT 4 DOSING SOLENOID VALVE,,False,,,,,CHAMBER 2,False,False,DECIMAL
366,XY_218,XY_218,DIV00257,DIGITAL,2049,CHAMBER 2 NUTRIENT 5 DOSING SOLENOID VALVE,,False,,,,,CHAMBER 2,False,False,DECIMAL
367,XY_219,XY_219,DIV00258,DIGITAL,2050,CHAMBER 2 NUTRIENT 6 DOSING SOLENOID VALVE,,False,,,,,CHAMBER 2,False,False,DECIMAL
368,XY_220,XY_220,DIV00259,DIGITAL,2051,CHAMBER 2 NUTRIENT 7 DOSING SOLENOID VALVE,,False,,,,,CHAMBER 2,False,False,DECIMAL
369,XY_221,XY_221,DIV00260,DIGITAL,2052,CHAMBER 2 pH UP SOLENOID VALVE,,False,,,,,CHAMBER 2,False,False,DECIMAL
370,XY_222,XY_222,DIV00261,DIGITAL,2053,CHAMBER 2 pH DOWN SOLENOID VALVE,,False,,,,,CHAMBER 2,False,False,DECIMAL
371,XY_224,XY_224,DIV00262,DIGITAL,2054,CHAMBER 2 RO WATER FILL SOLENOID VALVE,,False,,,,,CHAMBER 2,False,False,DECIMAL
372,XY_225,XY_225,DIV00263,DIGITAL,2055,CHAMBER 2 CO2 SOLENOID VALVE,,False,,,,,CHAMBER 2,False,False,DECIMAL
373,ZI_201,ZI_201,DIV00264,DIGITAL,2056,CHAMBER 2 DOOR CONTACT INDICATOR,,False,,,,,CHAMBER 2,False,False,DECIMAL
548,HS_255H,HS_255H,DIV00379,DIGITAL,2509,CHAMBER 2 NUTRIENT FILL REQUEST,,False,,,,,CHAMBER 2\LOCALS,False,False,DECIMAL
563,HS_256A,HS_256A,DIV00384,DIGITAL,2510,CHAMBER 2  pH ADJUST REQUEST,,False,,,,,CHAMBER 2\LOCALS,False,False,DECIMAL
374,AT_301,AT_301,AIV00085,FLOAT,3000,CHAMBER 3 NUTRIENT TANK pH TRANSMITTER,,True,,0,1000,1,CHAMBER 3,False,False,DECIMAL
375,AT_302,AT_302,AIV00086,FLOAT,3002,CHAMBER 3 NUTRIENT TANK EC TRANSMITTER,,True,,0,1000,1,CHAMBER 3,False,False,DECIMAL
376,AT_303,AT_303,AIV00087,FLOAT,3004,CHAMBER 3 VAISALA CO2 TRANSMITTER,,True,,0,1000,1,CHAMBER 3,False,False,DECIMAL
377,AT_304,AT_304,AIV00088,FLOAT,3006,CHAMBER 3 VAISALA HUMIDITY TRANSMITTER,,True,,0,1000,1,CHAMBER 3,False,False,DECIMAL
378,AT_305,AT_305,AIV00089,FLOAT,3008,CHAMBER 3 VAISALA TEMP. TRANSMITTER,,True,,0,1000,1,CHAMBER 3,False,False,DECIMAL
379,FT_301,FT_301,AIV00090,FLOAT,3010,CHAMBER 3 NUTRIENT FEED FLOW TRANSMITTER,,True,,0,1000,1,CHAMBER 3,False,False,DECIMAL
392,LT_301,LT_301,AIV00091,FLOAT,3012,CHAMBER 3 NUTRIENT TANK LEVEL TRANSMITTER,,True,,0,1000,1,CHAMBER 3,False,False,DECIMAL
393,MT_301,MT_301,AIV00092,FLOAT,3014,CHAMBER 3 NUTRIENT MOISTURE TRANSMITTER 1,,True,,0,1000,1,CHAMBER 3,False,False,DECIMAL
394,MT_302,MT_302,AIV00093,FLOAT,3016,CHAMBER 3 NUTRIENT MOISTURE TRANSMITTER 2,,True,,0,1000,1,CHAMBER 3,False,False,DECIMAL
395,MT_303,MT_303,AIV00094,FLOAT,3018,CHAMBER 3 NUTRIENT MOISTURE TRANSMITTER 3,,True,,0,1000,1,CHAMBER 3,False,False,DECIMAL
396,PDT_301,PDT_301,AIV00095,FLOAT,3020,CHAMBER 3 FILTER PRESSURE DIFFERENTIAL TRANS,,True,,0,1000,1,CHAMBER 3,False,False,DECIMAL
397,PT_301,PT_301,AIV00096,FLOAT,3022,CHAMBER 3 NUTRIENT FEED PRESSURE TRANSMITTER,,True,,0,1000,1,CHAMBER 3,False,False,DECIMAL
398,SZ_301_R,SZ_301_R,AIV00097,FLOAT,3024,CHAMBER 3 SPECTRUM CONTROL RED,,True,,0,1000,1,CHAMBER 3,False,False,DECIMAL
399,SZ_301_B,SZ_301_B,AIV00098,FLOAT,3026,CHAMBER 3 SPECTRUM CONTROL BLUE,,True,,0,1000,1,CHAMBER 3,False,False,DECIMAL
400,SZ_301_G,SZ_301_G,AIV00099,FLOAT,3028,CHAMBER 3 SPECTRUM CONTROL GREEN,,True,,0,1000,1,CHAMBER 3,False,False,DECIMAL
380,HS_301,HS_301,DIV00265,DIGITAL,3030,CHAMBER 3 NUTRIENT FEED PUMP ON/OFF,,False,,,,,CHAMBER 3,False,False,DECIMAL
381,HS_302,HS_302,DIV00266,DIGITAL,3031,CHAMBER 3 DUCT UV LIGHT ON/OFF,,False,,,,,CHAMBER 3,False,False,DECIMAL
382,HS_303,HS_303,DIV00267,DIGITAL,3032,CHAMBER 3 DEHUMIDIFIER ON/OFF,,False,,,,,CHAMBER 3,False,False,DECIMAL
383,HS_304,HS_304,DIV00268,DIGITAL,3033,CHAMBER 3 HUMIDIFIER ON/OFF,,False,,,,,CHAMBER 3,False,False,DECIMAL
384,HS_305,HS_305,DIV00269,DIGITAL,3034,CHAMBER 3 FAN ON/OFF,,False,,,,,CHAMBER 3,False,False,DECIMAL
385,HS_306,HS_306,DIV00270,DIGITAL,3035,CHAMBER 3 OSCILLATING FANS ON/OFF,,False,,,,,CHAMBER 3,False,False,DECIMAL
386,HS_307,HS_307,DIV00271,DIGITAL,3036,CHAMBER 3 LIGHTS ON/OFF,,False,,,,,CHAMBER 3,False,False,DECIMAL
387,HS_308,HS_308,DIV00272,DIGITAL,3037,CHAMBER 3 UVB LIGHTS ON/OFF,,False,,,,,CHAMBER 3,False,False,DECIMAL
388,HS_309,HS_309,DIV00273,DIGITAL,3038,CHAMBER 3 COOLING ON/OFF,,False,,,,,CHAMBER 3,False,False,DECIMAL
389,HS_310,HS_310,DIV00274,DIGITAL,3039,CHAMBER 3 HEAT ON/OFF,,False,,,,,CHAMBER 3,False,False,DECIMAL
390,LSHH_301,LSHH_301,DIV00275,DIGITAL,3040,CHAMBER 3 NUTRIENT TANK LEVEL HI HI SHUT DOWN,,False,,,,,CHAMBER 3,False,False,DECIMAL
391,LSLL_301,LSLL_301,DIV00276,DIGITAL,3041,CHAMBER 3 NUTRIENT TANK LEVEL LO LO SHUT DOWN,,False,,,,,CHAMBER 3,False,False,DECIMAL
401,XY_304,XY_304,DIV00277,DIGITAL,3042,CHAMBER 3 NUTRIENT FEED SOLENOID VALVE,,False,,,,,CHAMBER 3,False,False,DECIMAL
402,XY_310,XY_310,DIV00278,DIGITAL,3043,CHAMBER 3 NUTRIENT FEED RECIRC SOLENOID VALVE,,False,,,,,CHAMBER 3,False,False,DECIMAL
403,XY_312,XY_312,DIV00279,DIGITAL,3044,CHAMBER 3 NUTRIENT TANK DRAIN SOLENOID VALVE,,False,,,,,CHAMBER 3,False,False,DECIMAL
404,XY_314,XY_314,DIV00280,DIGITAL,3045,CHAMBER 3 NUTRIENT 1 DOSING SOLENOID VALVE,,False,,,,,CHAMBER 3,False,False,DECIMAL
405,XY_315,XY_315,DIV00281,DIGITAL,3046,CHAMBER 3 NUTRIENT 2 DOSING SOLENOID VALVE,,False,,,,,CHAMBER 3,False,False,DECIMAL
406,XY_316,XY_316,DIV00282,DIGITAL,3047,CHAMBER 3 NUTRIENT 3 DOSING SOLENOID VALVE,,False,,,,,CHAMBER 3,False,False,DECIMAL
407,XY_317,XY_317,DIV00283,DIGITAL,3048,CHAMBER 3 NUTRIENT 4 DOSING SOLENOID VALVE,,False,,,,,CHAMBER 3,False,False,DECIMAL
408,XY_318,XY_318,DIV00284,DIGITAL,3049,CHAMBER 3 NUTRIENT 5 DOSING SOLENOID VALVE,,False,,,,,CHAMBER 3,False,False,DECIMAL
409,XY_319,XY_319,DIV00285,DIGITAL,3050,CHAMBER 3 NUTRIENT 6 DOSING SOLENOID VALVE,,False,,,,,CHAMBER 3,False,False,DECIMAL
410,XY_320,XY_320,DIV00286,DIGITAL,3051,CHAMBER 3 NUTRIENT 7 DOSING SOLENOID VALVE,,False,,,,,CHAMBER 3,False,False,DECIMAL
411,XY_321,XY_321,DIV00287,DIGITAL,3052,CHAMBER 3 pH UP SOLENOID VALVE,,False,,,,,CHAMBER 3,False,False,DECIMAL
412,XY_322,XY_322,DIV00288,DIGITAL,3053,CHAMBER 3 pH DOWN SOLENOID VALVE,,False,,,,,CHAMBER 3,False,False,DECIMAL
413,XY_324,XY_324,DIV00289,DIGITAL,3054,CHAMBER 3 RO WATER FILL SOLENOID VALVE,,False,,,,,CHAMBER 3,False,False,DECIMAL
414,XY_325,XY_325,DIV00290,DIGITAL,3055,CHAMBER 3 CO2 SOLENOID VALVE,,False,,,,,CHAMBER 3,False,False,DECIMAL
415,ZI_301,ZI_301,DIV00291,DIGITAL,3056,CHAMBER 3 DOOR CONTACT INDICATOR,,False,,,,,CHAMBER 3,False,False,DECIMAL
549,HS_355H,HS_355H,DIV00380,DIGITAL,3509,CHAMBER 3 NUTRIENT FILL REQUEST,,False,,,,,CHAMBER 3\LOCALS,False,False,DECIMAL
564,HS_356A,HS_356A,DIV00385,DIGITAL,3510,CHAMBER 2 pH ADJUST REQUEST,,False,,,,,CHAMBER 3\LOCALS,False,False,DECIMAL
472,AT_401,AT_401,AIV00102,FLOAT,4000,CHAMBER 4 NUTRIENT TANK pH TRANSMITTER,,True,,0,1000,1,CHAMBER 4,False,False,DECIMAL
473,AT_402,AT_402,AIV00103,FLOAT,4002,CHAMBER 4 NUTRIENT TANK EC TRANSMITTER,,True,,0,1000,1,CHAMBER 4,False,False,DECIMAL
474,AT_403,AT_403,AIV00104,FLOAT,4004,CHAMBER 4 VAISALA CO2 TRANSMITTER,,True,,0,1000,1,CHAMBER 4,False,False,DECIMAL
475,AT_404,AT_404,AIV00105,FLOAT,4006,CHAMBER 4 VAISALA HUMIDITY TRANSMITTER,,True,,0,1000,1,CHAMBER 4,False,False,DECIMAL
476,AT_405,AT_405,AIV00106,FLOAT,4008,CHAMBER 4 VAISALA TEMP. TRANSMITTER,,True,,0,1000,1,CHAMBER 4,False,False,DECIMAL
477,FT_401,FT_401,AIV00107,FLOAT,4010,CHAMBER 4 NUTRIENT FEED FLOW TRANSMITTER,,True,,0,1000,1,CHAMBER 4,False,False,DECIMAL
490,LT_401,LT_401,AIV00108,FLOAT,4012,CHAMBER 4 NUTRIENT TANK LEVEL TRANSMITTER,,True,,0,1000,1,CHAMBER 4,False,False,DECIMAL
491,MT_401,MT_401,AIV00109,FLOAT,4014,CHAMBER 4 NUTRIENT MOISTURE TRANSMITTER 1,,True,,0,1000,1,CHAMBER 4,False,False,DECIMAL
492,MT_402,MT_402,AIV00110,FLOAT,4016,CHAMBER 4 NUTRIENT MOISTURE TRANSMITTER 2,,True,,0,1000,1,CHAMBER 4,False,False,DECIMAL
493,MT_403,MT_403,AIV00111,FLOAT,4018,CHAMBER 4 NUTRIENT MOISTURE TRANSMITTER 3,,True,,0,1000,1,CHAMBER 4,False,False,DECIMAL
494,PDT_401,PDT_401,AIV00112,FLOAT,4020,CHAMBER 4 FILTER PRESSURE DIFFERENTIAL TRANS,,True,,0,1000,1,CHAMBER 4,False,False,DECIMAL
495,PT_401,PT_401,AIV00113,FLOAT,4022,CHAMBER 4 NUTRIENT FEED PRESSURE TRANSMITTER,,True,,0,1000,1,CHAMBER 4,False,False,DECIMAL
496,SZ_401_R,SZ_401_R,AIV00114,FLOAT,4024,CHAMBER 4 SPECTRUM CONTROL RED,,True,,0,1000,1,CHAMBER 4,False,False,DECIMAL
497,SZ_401_B,SZ_401_B,AIV00129,FLOAT,4026,CHAMBER 4 SPECTRUM CONTROL BLUE,,True,,0,1000,1,CHAMBER 4,False,False,DECIMAL
498,SZ_401_G,SZ_401_G,AIV00130,FLOAT,4028,CHAMBER 4 SPECTRUM CONTROL GREEN,,True,,0,1000,1,CHAMBER 4,False,False,DECIMAL
478,HS_401,HS_401,DIV00292,DIGITAL,4030,CHAMBER 4 NUTRIENT FEED PUMP ON/OFF,,False,,,,,CHAMBER 4,False,False,DECIMAL
479,HS_402,HS_402,DIV00293,DIGITAL,4031,CHAMBER 4 DUCT UV LIGHT ON/OFF,,False,,,,,CHAMBER 4,False,False,DECIMAL
480,HS_403,HS_403,DIV00294,DIGITAL,4032,CHAMBER 4 DEHUMIDIFIER ON/OFF,,False,,,,,CHAMBER 4,False,False,DECIMAL
481,HS_404,HS_404,DIV00295,DIGITAL,4033,CHAMBER 4 HUMIDIFIER ON/OFF,,False,,,,,CHAMBER 4,False,False,DECIMAL
482,HS_405,HS_405,DIV00296,DIGITAL,4034,CHAMBER 4 FAN ON/OFF,,False,,,,,CHAMBER 4,False,False,DECIMAL
483,HS_406,HS_406,DIV00297,DIGITAL,4035,CHAMBER 4 OSCILLATING FANS ON/OFF,,False,,,,,CHAMBER 4,False,False,DECIMAL
484,HS_407,HS_407,DIV00298,DIGITAL,4036,CHAMBER 4 LIGHTS ON/OFF,,False,,,,,CHAMBER 4,False,False,DECIMAL
485,HS_408,HS_408,DIV00299,DIGITAL,4037,CHAMBER 4 UVB LIGHTS ON/OFF,,False,,,,,CHAMBER 4,False,False,DECIMAL
486,HS_409,HS_409,DIV00300,DIGITAL,4038,CHAMBER 4 COOLING ON/OFF,,False,,,,,CHAMBER 4,False,False,DECIMAL
487,HS_410,HS_410,DIV00301,DIGITAL,4039,CHAMBER 4 HEAT ON/OFF,,False,,,,,CHAMBER 4,False,False,DECIMAL
488,LSHH_401,LSHH_401,DIV00302,DIGITAL,4040,CHAMBER 4 NUTRIENT TANK LEVEL HI HI SHUT DOWN,,False,,,,,CHAMBER 4,False,False,DECIMAL
489,LSLL_401,LSLL_401,DIV00303,DIGITAL,4041,CHAMBER 4 NUTRIENT TANK LEVEL LO LO SHUT DOWN,,False,,,,,CHAMBER 4,False,False,DECIMAL
499,XY_404,XY_404,DIV00304,DIGITAL,4042,CHAMBER 4 NUTRIENT FEED SOLENOID VALVE,,False,,,,,CHAMBER 4,False,False,DECIMAL
500,XY_410,XY_410,DIV00305,DIGITAL,4043,CHAMBER 4 NUTRIENT FEED RECIRC SOLENOID VALVE,,False,,,,,CHAMBER 4,False,False,DECIMAL
501,XY_412,XY_412,DIV00306,DIGITAL,4044,CHAMBER 4 NUTRIENT TANK DRAIN SOLENOID VALVE,,False,,,,,CHAMBER 4,False,False,DECIMAL
502,XY_414,XY_414,DIV00307,DIGITAL,4045,CHAMBER 4 NUTRIENT 1 DOSING SOLENOID VALVE,,False,,,,,CHAMBER 4,False,False,DECIMAL
503,XY_415,XY_415,DIV00308,DIGITAL,4046,CHAMBER 4 NUTRIENT 2 DOSING SOLENOID VALVE,,False,,,,,CHAMBER 4,False,False,DECIMAL
504,XY_416,XY_416,DIV00309,DIGITAL,4047,CHAMBER 4 NUTRIENT 3 DOSING SOLENOID VALVE,,False,,,,,CHAMBER 4,False,False,DECIMAL
505,XY_417,XY_417,DIV00310,DIGITAL,4048,CHAMBER 4 NUTRIENT 4 DOSING SOLENOID VALVE,,False,,,,,CHAMBER 4,False,False,DECIMAL
506,XY_418,XY_418,DIV00311,DIGITAL,4049,CHAMBER 4 NUTRIENT 5 DOSING SOLENOID VALVE,,False,,,,,CHAMBER 4,False,False,DECIMAL
507,XY_419,XY_419,DIV00312,DIGITAL,4050,CHAMBER 4 NUTRIENT 6 DOSING SOLENOID VALVE,,False,,,,,CHAMBER 4,False,False,DECIMAL
508,XY_420,XY_420,DIV00313,DIGITAL,4051,CHAMBER 4 NUTRIENT 7 DOSING SOLENOID VALVE,,False,,,,,CHAMBER 4,False,False,DECIMAL
509,XY_421,XY_421,DIV00314,DIGITAL,4052,CHAMBER 4 pH UP SOLENOID VALVE,,False,,,,,CHAMBER 4,False,False,DECIMAL
510,XY_422,XY_422,DIV00315,DIGITAL,4053,CHAMBER 4 pH DOWN SOLENOID VALVE,,False,,,,,CHAMBER 4,False,False,DECIMAL
511,XY_424,XY_424,DIV00316,DIGITAL,4054,CHAMBER 4 RO WATER FILL SOLENOID VALVE,,False,,,,,CHAMBER 4,False,False,DECIMAL
512,XY_425,XY_425,DIV00317,DIGITAL,4055,CHAMBER 4 CO2 SOLENOID VALVE,,False,,,,,CHAMBER 4,False,False,DECIMAL
513,ZI_401,ZI_401,DIV00318,DIGITAL,4056,CHAMBER 4 DOOR CONTACT INDICATOR,,False,,,,,CHAMBER 4,False,False,DECIMAL
550,HS_455H,HS_455H,DIV00381,DIGITAL,4509,CHAMBER 4 NUTRIENT FILL REQUEST,,False,,,,,CHAMBER 4\LOCALS,False,False,DECIMAL
565,HS_456A,HS_456A,DIV00386,DIGITAL,4510,CHAMBER 4 pH ADJUST REQUEST,,False,,,,,CHAMBER 4\LOCALS,False,False,DECIMAL
422,AT_501,AT_501,AIV00115,FLOAT,5000,DRY CURE VAISALA HUMIDITY TRANSMITTER (0-10V),,True,,0,1000,1,DRY CURE DOSING,False,False,DECIMAL
423,AT_502,AT_502,AIV00116,FLOAT,5002,DRY CURE VAISALA TEMP TRANSMITTER (0-10V),,True,,0,1000,1,DRY CURE DOSING,False,False,DECIMAL
431,FT_001,FT_001,AIV00117,FLOAT,5004,NUTRIENT CENTER CITY WATER FILL FLOW TRANSMITTER,,True,,0,1000,1,DRY CURE DOSING,False,False,DECIMAL
420,HS_501,HS_501,DIV00321,DIGITAL,5006,DRY CURE FANS ON/OFF,,False,,,,,DRY CURE DOSING,False,False,DECIMAL
421,HS_502,HS_502,DIV00322,DIGITAL,5007,DRY CURE UV LIGHT ON/OFF,,False,,,,,DRY CURE DOSING,False,False,DECIMAL
418,XY_501,XY_501,DIV00319,DIGITAL,5008,DRY CURE ACTUATOR OPEN CLOSE,,False,,,,,DRY CURE DOSING,False,False,DECIMAL
419,CI_501,CI_501,DIV00320,DIGITAL,5009,DRY CURE DAMPER END SWITCH,,False,,,,,DRY CURE DOSING,False,False,DECIMAL
424,HS_001,HS_001,DIV00323,DIGITAL,5010,NUTRIENT 1 DOSING PUMP ON/OFF,,False,,,,,DRY CURE DOSING,False,False,DECIMAL
425,HS_002,HS_002,DIV00324,DIGITAL,5011,NUTRIENT 2 DOSING PUMP ON/OFF,,False,,,,,DRY CURE DOSING,False,False,DECIMAL
426,HS_003,HS_003,DIV00325,DIGITAL,5012,NUTRIENT 3 DOSING PUMP ON/OFF,,False,,,,,DRY CURE DOSING,False,False,DECIMAL
427,HS_004,HS_004,DIV00326,DIGITAL,5013,NUTRIENT 4 DOSING PUMP ON/OFF,,False,,,,,DRY CURE DOSING,False,False,DECIMAL
428,HS_005,HS_005,DIV00327,DIGITAL,5014,NUTRIENT 5 DOSING PUMP ON/OFF,,False,,,,,DRY CURE DOSING,False,False,DECIMAL
429,HS_006,HS_006,DIV00328,DIGITAL,5015,NUTRIENT 6 DOSING PUMP ON/OFF,,False,,,,,DRY CURE DOSING,False,False,DECIMAL
430,HS_007,HS_007,DIV00329,DIGITAL,5016,NUTRIENT 7 DOSING PUMP ON/OFF,,False,,,,,DRY CURE DOSING,False,False,DECIMAL
432,HS_009,HS_009,DIV00330,DIGITAL,5017,NUTRIENT pH DOWN PUMP ON/OFF,,False,,,,,DRY CURE DOSING,False,False,DECIMAL
433,HS_008,HS_008,DIV00331,DIGITAL,5018,NUTRIENT pH UP PUMP ON/OFF,,False,,,,,DRY CURE DOSING,False,False,DECIMAL
520,GBL_ALWAYS_OFF,GBL_ALWAYS_OFF,DIV00369,DIGITAL,201,ALWAYS OFF BIT,0,False,,,,,GLOBALS,False,False,DECIMAL
542,GBL_FAL001,GBL_FAL001,DIV00359,DIGITAL,202,CITY WATER NO FLOW ALARM,,False,,,,,GLOBALS,False,False,DECIMAL
519,GBL_ALWAYS_ON,GBL_ALWAYS_ON,DIV00368,DIGITAL,203,ALWAYS ON BIT,1,False,,,,,GLOBALS,False,False,DECIMAL
521,GBL_POLL_TRIG,GBL_POLL_TRIG,DIV00370,DIGITAL,204,REMOTE I/O POLL TRIGGER,,False,,,,,GLOBALS,False,False,DECIMAL
522,GBL_DUMMY_TAG,GBL_DUMMY_TAG,DIV00371,DIGITAL,205,DON'T RELY ON CONTENTS,,False,,,,,GLOBALS,False,False,DECIMAL
523,GBL_SYS_INIT,GBL_SYS_INIT,DIV00372,DIGITAL,206,=1 WHEN SYSTEM VARIABLES INITIALIZED,,False,,,,,GLOBALS,False,False,DECIMAL
524,GBL_SYS_RESET,GBL_SYS_RESET,DIV00373,DIGITAL,207,=1 WHEN SYSTEM VARIABLES SHOULD BE RE-INTIALIZED,,False,,,,,GLOBALS,False,False,DECIMAL
543,GBL_ACK_ALMS,GBL_ACK_ALMS,DIV00360,DIGITAL,208,ACKNOWLEDGE AND RESET ALARMS,,False,,,,,GLOBALS,False,False,DECIMAL
644,GBL_TEST_FEED,GBL_TEST_FEED,DIV00361,DIGITAL,209,=1 TEST FEED TIME,,False,,,,,GLOBALS,False,False,DECIMAL
541,GBL_FAL001_NF,GBL_FAL001_NF,AIV00131,16BITS,210,CITY RO WATER NO FLOW TIMER DELAY,,False,,0,1000,1,GLOBALS,False,False,DECIMAL
566,GBL_UP_OFF_DUR,GBL_UP_OFF_DUR,AIV00382,16BITS,211,pH UP DISPENSE OFF DUR (s),,False,,0,1000,1,GLOBALS,False,False,DECIMAL
558,GBL_PUMP_SPEC,GBL_PUMP_SPEC,AIV00132,FLOAT,212,PERISTALTIC PUMP SPEC (mL/s),,True,,0,1000,1,GLOBALS,False,False,DECIMAL
560,GBL_PH_UP_DN_DB,GBL_PH_UP_DN_DB,AIV00134,FLOAT,214,pH UP/DOWN DEADBAND,,True,,0,1000,1,GLOBALS,False,False,DECIMAL
567,GBL_PH_UP_VOL,GBL_PH_UP_VOL,AIV00383,16BITS,216,pH UP VOLUME (mL),,False,,0,1000,1,GLOBALS,False,False,DECIMAL
568,GBL_PH_DWN_VOL,GBL_PH_DWN_VOL,AIV00384,16BITS,217,pH DOWN VOLUME (mL),,False,,0,1000,1,GLOBALS,False,False,DECIMAL
569,GBL_DWN_OFF_DUR,GBL_DWN_OFF_DUR,AIV00386,16BITS,219,pH DOWN DISPENSE OFF DUR (s),,False,,0,1000,1,GLOBALS,False,False,DECIMAL
645,GBL_HUMDITY_DB,GBL_HUMDITY_DB,AIV00135,FLOAT,220,FLOWER/VEG/MOTHER HUMIDITY DEADBAND,,True,,0,1000,1,GLOBALS,False,False,DECIMAL
662,GBL_TEMP_DB,GBL_TEMP_DB,AIV00136,FLOAT,222,FLOWER/VEG/MOTHER TEMPERATURE DEADBAND,,True,,0,1000,1,GLOBALS,False,False,DECIMAL
646,GBL_SUSPEND_IO,GBL_SUSPEND_IO,DIV00362,DIGITAL,223,=1 SUSPEND SIGNAL CONDITIONING,,False,,,,,GLOBALS,False,False,DECIMAL
670,GBL_TIC_HSV,GBL_TIC_HSV,AIV00387,16BITS,224,TIC CONTROLLER HIGH SPAN VALUE,,True,,0,1000,1,GLOBALS,False,False,DECIMAL
525,GBL_HEART_BEAT,GBL_HEART_BEAT,AIV00288,16BITS,225,COUNTS UP EVERY SECOND,,False,,0,1000,1,GLOBALS,False,False,DECIMAL
526,GBL_HEART_BEA_1,GBL_HEART_BEA_1,AIV00381,16BITS,226,COUNTS UP EVERY SECOND,,False,,0,1000,1,GLOBALS,False,False,DECIMAL
671,GBL_TIC_LSV,GBL_TIC_LSV,AIV00388,16BITS,227,TIC CONTROLLER LOW SPAN VALUE,,True,,0,1000,1,GLOBALS,False,False,DECIMAL
672,GBL_HIC_HSV,GBL_HIC_HSV,AIV00389,16BITS,228,HIC CONTROLLER HIGH SPAN VALUE,,True,,0,1000,1,GLOBALS,False,False,DECIMAL
673,GBL_HIC_LSV,GBL_HIC_LSV,AIV00390,16BITS,229,HIC CONTROLLER LOW SPAN VALUE,,True,,0,1000,1,GLOBALS,False,False,DECIMAL
674,GBL_XIC_HSV,GBL_XIC_HSV,AIV00391,16BITS,230,XIC CONTROLLER HIGH SPAN VALUE,,True,,0,1000,1,GLOBALS,False,False,DECIMAL
675,GBL_XIC_LSV,GBL_XIC_LSV,AIV00392,16BITS,231,XIC CONTROLLER LOW SPAN VALUE,,True,,0,1000,1,GLOBALS,False,False,DECIMAL
676,GBL_CO2_DB,GBL_CO2_DB,AIV00137,FLOAT,232,CO2 CONTROLLER DEADBAND,,True,,0,1000,1,GLOBALS,False,False,DECIMAL
745,dummy,dummy,AIV00139,16BITS,240,,,True,,0,1000,1,GLOBALS,False,False,DECIMAL
322,XY_112_,XY_112_,DO.0.3.4,DIGITAL,100,CHAMBER 1 NUTRIENT TANK DRAIN SOLENOID VALVE,,False,,,,,MAINCTRL IO,False,False,DECIMAL
323,HS_001_,HS_001_,DO.0.3.7,DIGITAL,103,NUTRIENT 1 DOSING PUMP ON/OFF,,False,,,,,MAINCTRL IO,False,False,DECIMAL
324,XY_121_,XY_121_,DO.0.3.8,DIGITAL,104,CHAMBER 1 pH UP SOLENOID VALVE,,False,,,,,MAINCTRL IO,False,False,DECIMAL
325,XY_122_,XY_122_,DO.0.3.9,DIGITAL,105,CHAMBER 1 pH DOWN SOLENOID VALVE,,False,,,,,MAINCTRL IO,False,False,DECIMAL
326,XY_124_,XY_124_,DO.0.3.10,DIGITAL,106,CHAMBER 1 RO WATER FILL SOLENOID VALVE,,False,,,,,MAINCTRL IO,False,False,DECIMAL
327,HS_102_,HS_102_,DO.0.3.11,DIGITAL,107,CHAMBER 1 DUCT UV LIGHT ON/OFF,,False,,,,,MAINCTRL IO,False,False,DECIMAL
328,HS_108_,HS_108_,DO.0.3.12,DIGITAL,108,CHAMBER 1 SS550 VEG LIGHTS ON/OFF,,False,,,,,MAINCTRL IO,False,False,DECIMAL
329,HS_107_,HS_107_,DO.0.3.13,DIGITAL,109,CHAMBER 1 SS550 MOTHER LIGHTS ON/OFF,,False,,,,,MAINCTRL IO,False,False,DECIMAL
330,XY_125_,XY_125_,DO.0.3.14,DIGITAL,110,CHAMBER 1 CO2 SOLENOID VALVE,,False,,,,,MAINCTRL IO,False,False,DECIMAL
331,HS_110_,HS_110_,DO.0.3.15,DIGITAL,111,CHAMBER 1 HEAT ON/OFF,,False,,,,,MAINCTRL IO,False,False,DECIMAL
308,PT_101_,PT_101_,AI.0.4.0.420mA,FLOAT,128,CHAMBER 1 NUTRIENT FEED PRESSURE TRANSMITTER,,True,,0,100,0.1,MAINCTRL IO,False,False,DECIMAL
309,FT_101_,FT_101_,AI.0.4.1.420mA,FLOAT,130,CHAMBER 1 NUTRIENT FEED FLOW TRANSMITTER,,True,,0,100,0.1,MAINCTRL IO,False,False,DECIMAL
310,MT_101_,MT_101_,AI.0.4.2.420mA,FLOAT,132,CHAMBER 1 VEG MOISTURE TRANSMITTER 1,,True,,0,100,0.1,MAINCTRL IO,False,False,DECIMAL
311,MT_102_,MT_102_,AI.0.4.3.420mA,FLOAT,134,CHAMBER 1 VEG MOISTURE TRANSMITTER 2,,True,,0,100,0.1,MAINCTRL IO,False,False,DECIMAL
312,MT_103_,MT_103_,AI.0.4.4.420mA,FLOAT,136,CHAMBER 1 MOTHER MOISTURE TRANSMITTER 1,,True,,0,100,0.1,MAINCTRL IO,False,False,DECIMAL
313,MT_104_,MT_104_,AI.0.4.5.420mA,FLOAT,138,CHAMBER 1 MOTHER MOISTURE TRANSMITTER 2,,True,,0,100,0.1,MAINCTRL IO,False,False,DECIMAL
314,LT_101_,LT_101_,AI.0.4.6.420mA,FLOAT,140,CHAMBER 1 NUTRIENT TANK LEVEL TRANSMITTER,,True,,0,100,0.1,MAINCTRL IO,False,False,DECIMAL
315,AT_105_,AT_105_,AI.0.4.7.420mA,FLOAT,142,CHAMBER 1 VAISALA TEMP TRANSMITTER,,True,,0,100,0.1,MAINCTRL IO,False,False,DECIMAL
316,LSHH_101_,LSHH_101_,DI.0.2.5,DIGITAL,69,CHAMBER 1 NUTRIENT TANK LEVEL HI HI SHUT DOWN,,False,,,,,MAINCTRL IO,False,False,DECIMAL
317,LSLL_101_,LSLL_101_,DI.0.2.6,DIGITAL,70,CHAMBER 1 NUTRIENT TANK LEVEL LO LO SHUT DOWN,,False,,,,,MAINCTRL IO,False,False,DECIMAL
318,HS_101_,HS_101_,DO.0.3.0,DIGITAL,96,CHAMBER 1 NUTRIENT FEED PUMP ON/OFF,,False,,,,,MAINCTRL IO,False,False,DECIMAL
319,XY_104_,XY_104_,DO.0.3.1,DIGITAL,97,CHAMBER 1 NUTRIENT MOTHER FEED SOLENOID VALVE,,False,,,,,MAINCTRL IO,False,False,DECIMAL
320,XY_107_,XY_107_,DO.0.3.2,DIGITAL,98,CHAMBER 1 NUTRIENT VEG FEED SOLENOID VALVE,,False,,,,,MAINCTRL IO,False,False,DECIMAL
321,XY_110_,XY_110_,DO.0.3.3,DIGITAL,99,CHAMBER 1 NUTRIENT FEED RECIRC SOLENOID VALVE,,False,,,,,MAINCTRL IO,False,False,DECIMAL
0,RIO_1_CT,RIO_1_CT,DIV00000,DIGITAL,10000,RIO1 COMMUNICATION TRIGGER,,False,,,,,REMOTE IO\COMMUNICATIONS,False,False,DECIMAL
1,RIO_1_CC,RIO_1_CC,AIV00000,16BITS,10001,RIO 1 COMMUNICATION CYCLE COUNT,,False,,0,1000,1,REMOTE IO\COMMUNICATIONS,False,False,DECIMAL
2,RIO_1_CE,RIO_1_CE,DIV00002,DIGITAL,10002,RIO 1 COMMUNICATION ERROR,,False,,,,,REMOTE IO\COMMUNICATIONS,False,False,DECIMAL
3,RIO_1_ST,RIO_1_ST,AIV00001,16BITS,10003,RIO 1 COMMUNICATION STATUS,,False,,0,1000,1,REMOTE IO\COMMUNICATIONS,False,False,DECIMAL
44,RIO_2_CT,RIO_2_CT,DIV00034,DIGITAL,10004,RIO 2 COMMUNICATION TRIGGER,,False,,,,,REMOTE IO\COMMUNICATIONS,False,False,DECIMAL
45,RIO_2_CC,RIO_2_CC,AIV00010,16BITS,10005,RIO 2 COMMUNICATION CYCLE COUNT,,False,,0,1000,1,REMOTE IO\COMMUNICATIONS,False,False,DECIMAL
46,RIO_2_CE,RIO_2_CE,DIV00035,DIGITAL,10006,RIO 2 COMMUNICATION ERROR,,False,,,,,REMOTE IO\COMMUNICATIONS,False,False,DECIMAL
47,RIO_2_ST,RIO_2_ST,AIV00011,16BITS,10007,RIO 2 COMMUNICATION STATUS,,False,,0,1000,1,REMOTE IO\COMMUNICATIONS,False,False,DECIMAL
48,RIO_3_CT,RIO_3_CT,DIV00036,DIGITAL,10008,RIO 3 COMMUNICATION TRIGGER,,False,,,,,REMOTE IO\COMMUNICATIONS,False,False,DECIMAL
49,RIO_3_CC,RIO_3_CC,AIV00012,16BITS,10009,RIO 3 COMMUNICATION CYCLE COUNT,,False,,0,1000,1,REMOTE IO\COMMUNICATIONS,False,False,DECIMAL
50,RIO_3_CE,RIO_3_CE,DIV00037,DIGITAL,10010,RIO 3 COMMUNICATION ERROR,,False,,,,,REMOTE IO\COMMUNICATIONS,False,False,DECIMAL
51,RIO_3_ST,RIO_3_ST,AIV00013,16BITS,10011,RIO 3 COMMUNICATION STATUS,,False,,0,1000,1,REMOTE IO\COMMUNICATIONS,False,False,DECIMAL
52,RIO_4_CT,RIO_4_CT,DIV00038,DIGITAL,10012,RIO 4 COMMUNICATION TRIGGER,,False,,,,,REMOTE IO\COMMUNICATIONS,False,False,DECIMAL
53,RIO_4_CC,RIO_4_CC,AIV00014,16BITS,10013,RIO 4 COMMUNICATION CYCLE COUNT,,False,,0,1000,1,REMOTE IO\COMMUNICATIONS,False,False,DECIMAL
54,RIO_4_CE,RIO_4_CE,DIV00039,DIGITAL,10014,RIO 4 COMMUNICATION ERROR,,False,,,,,REMOTE IO\COMMUNICATIONS,False,False,DECIMAL
55,RIO_4_ST,RIO_4_ST,AIV00015,16BITS,10015,RIO 4 COMMUNICATION STATUS,,False,,0,1000,1,REMOTE IO\COMMUNICATIONS,False,False,DECIMAL
56,RIO_5_CT,RIO_5_CT,DIV00040,DIGITAL,10016,RIO 5 COMMUNICATION TRIGGER,,False,,,,,REMOTE IO\COMMUNICATIONS,False,False,DECIMAL
57,RIO_5_CC,RIO_5_CC,AIV00016,16BITS,10017,RIO 5 COMMUNICATION CYCLE COUNT,,False,,0,1000,1,REMOTE IO\COMMUNICATIONS,False,False,DECIMAL
58,RIO_5_CE,RIO_5_CE,DIV00041,DIGITAL,10018,RIO 5 COMMUNICATION ERROR,,False,,,,,REMOTE IO\COMMUNICATIONS,False,False,DECIMAL
59,RIO_5_ST,RIO_5_ST,AIV00017,16BITS,10019,RIO 5 COMMUNICATION STATUS,,False,,0,1000,1,REMOTE IO\COMMUNICATIONS,False,False,DECIMAL
60,RIO_6_CT,RIO_6_CT,DIV00042,DIGITAL,10020,RIO 6 COMMUNICATION TRIGGER,,False,,,,,REMOTE IO\COMMUNICATIONS,False,False,DECIMAL
61,RIO_6_CC,RIO_6_CC,AIV00018,16BITS,10021,RIO 6 COMMUNICATION CYCLE COUNT,,False,,0,1000,1,REMOTE IO\COMMUNICATIONS,False,False,DECIMAL
62,RIO_6_CE,RIO_6_CE,DIV00043,DIGITAL,10022,RIO 6 COMMUNICATION ERROR,,False,,,,,REMOTE IO\COMMUNICATIONS,False,False,DECIMAL
63,RIO_6_ST,RIO_6_ST,AIV00019,16BITS,10023,RIO 6 COMMUNICATION STATUS,,False,,0,1000,1,REMOTE IO\COMMUNICATIONS,False,False,DECIMAL
64,RIO_7_CT,RIO_7_CT,DIV00044,DIGITAL,10024,RIO 7 COMMUNICATION TRIGGER,,False,,,,,REMOTE IO\COMMUNICATIONS,False,False,DECIMAL
65,RIO_7_CC,RIO_7_CC,AIV00020,16BITS,10025,RIO 7 COMMUNICATION CYCLE COUNT,,False,,0,1000,1,REMOTE IO\COMMUNICATIONS,False,False,DECIMAL
66,RIO_7_CE,RIO_7_CE,DIV00045,DIGITAL,10026,RIO 7 COMMUNICATION ERROR,,False,,,,,REMOTE IO\COMMUNICATIONS,False,False,DECIMAL
67,RIO_7_ST,RIO_7_ST,AIV00021,16BITS,10027,RIO 7 COMMUNICATION STATUS,,False,,0,1000,1,REMOTE IO\COMMUNICATIONS,False,False,DECIMAL
68,RIO_1_DI_0,RIO_1_DI_0,DIV00046,DIGITAL,10100,RIO_1_DI_0 SPARE,,False,,,,,REMOTE IO\RIO_1,False,False,DECIMAL
69,RIO_1_DI_1,RIO_1_DI_1,DIV00047,DIGITAL,10101,RIO_1_DI_1 SPARE,,False,,,,,REMOTE IO\RIO_1,False,False,DECIMAL
70,RIO_1_DI_2,RIO_1_DI_2,DIV00048,DIGITAL,10102,RIO_1_DI_2 SPARE,,False,,,,,REMOTE IO\RIO_1,False,False,DECIMAL
71,RIO_1_DI_3,RIO_1_DI_3,DIV00049,DIGITAL,10103,RIO_1_DI_3 SPARE,,False,,,,,REMOTE IO\RIO_1,False,False,DECIMAL
72,RIO_1_DI_4,RIO_1_DI_4,DIV00050,DIGITAL,10104,RIO_1_DI_4 SPARE,,False,,,,,REMOTE IO\RIO_1,False,False,DECIMAL
73,RIO_1_DI_5,RIO_1_DI_5,DIV00051,DIGITAL,10105,RIO_1_DI_5 SPARE,,False,,,,,REMOTE IO\RIO_1,False,False,DECIMAL
74,RIO_1_DI_6,RIO_1_DI_6,DIV00052,DIGITAL,10106,RIO_1_DI_6 SPARE,,False,,,,,REMOTE IO\RIO_1,False,False,DECIMAL
75,RIO_1_DI_7,RIO_1_DI_7,DIV00053,DIGITAL,10107,RIO_1_DI_7 SPARE,,False,,,,,REMOTE IO\RIO_1,False,False,DECIMAL
76,RIO_1_DI_8,RIO_1_DI_8,DIV00054,DIGITAL,10108,RIO_1_DI_8 SPARE,,False,,,,,REMOTE IO\RIO_1,False,False,DECIMAL
77,LSHH_201_,LSHH_201_,DIV00055,DIGITAL,10109,CHAMBER 2 NUTRIENT TANK LEVEL HI HI SHUT DOWN,,False,,,,,REMOTE IO\RIO_1,False,False,DECIMAL
78,LSLL_201_,LSLL_201_,DIV00056,DIGITAL,10110,CHAMBER 2 NUTRIENT TANK LEVEL LO LO SHUT DOWN,,False,,,,,REMOTE IO\RIO_1,False,False,DECIMAL
79,RIO_1_DI_11,RIO_1_DI_11,DIV00057,DIGITAL,10111,RIO_1_DI_11 SPARE,,False,,,,,REMOTE IO\RIO_1,False,False,DECIMAL
80,RIO_1_DI_12,RIO_1_DI_12,DIV00058,DIGITAL,10112,RIO_1_DI_12 SPARE,,False,,,,,REMOTE IO\RIO_1,False,False,DECIMAL
81,RIO_1_DI_13,RIO_1_DI_13,DIV00059,DIGITAL,10113,RIO_1_DI_13 SPARE,,False,,,,,REMOTE IO\RIO_1,False,False,DECIMAL
82,RIO_1_DI_14,RIO_1_DI_14,DIV00060,DIGITAL,10114,RIO_1_DI_14 SPARE,,False,,,,,REMOTE IO\RIO_1,False,False,DECIMAL
83,RIO_1_DI_15,RIO_1_DI_15,DIV00061,DIGITAL,10115,RIO_1_DI_15 SPARE,,False,,,,,REMOTE IO\RIO_1,False,False,DECIMAL
92,HS_109_,HS_109_,DIV00062,DIGITAL,10116,CHAMBER 1 COOLING ON/OFF,,False,,,,,REMOTE IO\RIO_1,False,False,DECIMAL
93,HS_105_,HS_105_,DIV00063,DIGITAL,10117,CHAMBER 1 FAN ON/OFF,,False,,,,,REMOTE IO\RIO_1,False,False,DECIMAL
94,HS_104_,HS_104_,DIV00064,DIGITAL,10118,CHAMBER 1 HUMIDIFIER ON/OFF,,False,,,,,REMOTE IO\RIO_1,False,False,DECIMAL
95,HS_103_,HS_103_,DIV00065,DIGITAL,10119,CHAMBER 1 DEHUMIDIFIER ON/OFF,,False,,,,,REMOTE IO\RIO_1,False,False,DECIMAL
96,HS_106_,HS_106_,DIV00066,DIGITAL,10120,CHAMBER 1 OSCILLATING FANS ON/OFF,,False,,,,,REMOTE IO\RIO_1,False,False,DECIMAL
97,HS_201_,HS_201_,DIV00067,DIGITAL,10121,CHAMBER 2 NUTRIENT FEED PUMP ON/OFF,,False,,,,,REMOTE IO\RIO_1,False,False,DECIMAL
98,XY_204_,XY_204_,DIV00068,DIGITAL,10122,CHAMBER 2 NUTRIENT FEED SOLENOID VALVE,,False,,,,,REMOTE IO\RIO_1,False,False,DECIMAL
99,XY_210_,XY_210_,DIV00069,DIGITAL,10123,CHAMBER 2 NUTRIENT FEED RECIRC SOLENOID VALVE,,False,,,,,REMOTE IO\RIO_1,False,False,DECIMAL
100,XY_212_,XY_212_,DIV00070,DIGITAL,10124,CHAMBER 2 NUTRIENT TANK DRAIN SOLENOID VALVE,,False,,,,,REMOTE IO\RIO_1,False,False,DECIMAL
101,RIO_1_DO_9,RIO_1_DO_9,DIV00071,DIGITAL,10125,RIO_1_DO_9 SPARE,,False,,,,,REMOTE IO\RIO_1,False,False,DECIMAL
102,RIO_1_DO_10,RIO_1_DO_10,DIV00072,DIGITAL,10126,RIO_1_DO_10 SPARE,,False,,,,,REMOTE IO\RIO_1,False,False,DECIMAL
103,HS_002_,HS_002_,DIV00073,DIGITAL,10127,NUTRIENT 2 DOSING PUMP ON/OFF,,False,,,,,REMOTE IO\RIO_1,False,False,DECIMAL
104,XY_221_,XY_221_,DIV00074,DIGITAL,10128,CHAMBER 2 pH UP SOLENOID VALVE,,False,,,,,REMOTE IO\RIO_1,False,False,DECIMAL
105,XY_222_,XY_222_,DIV00075,DIGITAL,10129,CHAMBER 2 pH DOWN SOLENOID VALVE,,False,,,,,REMOTE IO\RIO_1,False,False,DECIMAL
106,XY_224_,XY_224_,DIV00076,DIGITAL,10130,CHAMBER 2 RO WATER FILL SOLENOID VALVE,,False,,,,,REMOTE IO\RIO_1,False,False,DECIMAL
107,HS_202_,HS_202_,DIV00077,DIGITAL,10131,CHAMBER 2 DUCT UV LIGHT ON/OFF,,False,,,,,REMOTE IO\RIO_1,False,False,DECIMAL
84,AT_103_,AT_103_,AIV00022,FLOAT,10132,CHAMBER 1 VAISALA CO2 TRANSMITTER,,True,,0,1000,1,REMOTE IO\RIO_1,False,False,DECIMAL
85,AT_104_,AT_104_,AIV00023,FLOAT,10134,CHAMBER 1 VAISALA HUMIDITY TRANSMITTER,,True,,0,1000,1,REMOTE IO\RIO_1,False,False,DECIMAL
86,PDT_101_,PDT_101_,AIV00024,FLOAT,10136,CHAMBER 1 FILTER PRESSURE DIFFERENTIAL TRANS,,True,,0,1000,1,REMOTE IO\RIO_1,False,False,DECIMAL
87,PT_201_,PT_201_,AIV00025,FLOAT,10138,CHAMBER 2 NUTRIENT FEED PRESSURE TRANSMITTER,,True,,0,1000,1,REMOTE IO\RIO_1,False,False,DECIMAL
88,FT_201_,FT_201_,AIV00026,FLOAT,10140,CHAMBER 2 NUTRIENT FEED FLOW TRANSMITTER,,True,,0,1000,1,REMOTE IO\RIO_1,False,False,DECIMAL
89,MT_201_,MT_201_,AIV00027,FLOAT,10142,CHAMBER 2 NUTRIENT MOISTURE TRANSMITTER 1,,True,,0,1000,1,REMOTE IO\RIO_1,False,False,DECIMAL
90,MT_202_,MT_202_,AIV00028,FLOAT,10144,CHAMBER 2 NUTRIENT MOISTURE TRANSMITTER 2,,True,,0,1000,1,REMOTE IO\RIO_1,False,False,DECIMAL
91,MT_203_,MT_203_,AIV00029,FLOAT,10146,CHAMBER 2 NUTRIENT MOISTURE TRANSMITTER 3,,True,,0,1000,1,REMOTE IO\RIO_1,False,False,DECIMAL
4,RIO_2_DI_0,RIO_2_DI_0,DIV00001,DIGITAL,10200,RIO_2_DI_0 SPARE,,False,,,,,REMOTE IO\RIO_2,False,False,DECIMAL
5,RIO_2_DI_1,RIO_2_DI_1,DIV00003,DIGITAL,10201,RIO_2_DI_1 SPARE,,False,,,,,REMOTE IO\RIO_2,False,False,DECIMAL
6,ZI_201_,ZI_201_,DIV00004,DIGITAL,10202,CHAMBER 2 DOOR CONTACT INDICATOR,,False,,,,,REMOTE IO\RIO_2,False,False,DECIMAL
7,RIO_2_DI_3,RIO_2_DI_3,DIV00005,DIGITAL,10203,RIO_2_DI_3 SPARE,,False,,,,,REMOTE IO\RIO_2,False,False,DECIMAL
8,RIO_2_DI_4,RIO_2_DI_4,DIV00006,DIGITAL,10204,RIO_2_DI_4 SPARE,,False,,,,,REMOTE IO\RIO_2,False,False,DECIMAL
9,RIO_2_DI_5,RIO_2_DI_5,DIV00007,DIGITAL,10205,RIO_2_DI_5 SPARE,,False,,,,,REMOTE IO\RIO_2,False,False,DECIMAL
10,RIO_2_DI_6,RIO_2_DI_6,DIV00008,DIGITAL,10206,RIO_2_DI_6 SPARE,,False,,,,,REMOTE IO\RIO_2,False,False,DECIMAL
11,RIO_2_DI_7,RIO_2_DI_7,DIV00009,DIGITAL,10207,RIO_2_DI_7 SPARE,,False,,,,,REMOTE IO\RIO_2,False,False,DECIMAL
12,RIO_2_DI_8,RIO_2_DI_8,DIV00010,DIGITAL,10208,RIO_2_DI_8 SPARE,,False,,,,,REMOTE IO\RIO_2,False,False,DECIMAL
13,RIO_2_DI_9,RIO_2_DI_9,DIV00011,DIGITAL,10209,RIO_2_DI_9 SPARE,,False,,,,,REMOTE IO\RIO_2,False,False,DECIMAL
14,RIO_2_DI_10,RIO_2_DI_10,DIV00012,DIGITAL,10210,RIO_2_DI_10 SPARE,,False,,,,,REMOTE IO\RIO_2,False,False,DECIMAL
15,RIO_2_DI_11,RIO_2_DI_11,DIV00013,DIGITAL,10211,RIO_2_DI_11 SPARE,,False,,,,,REMOTE IO\RIO_2,False,False,DECIMAL
16,RIO_2_DI_12,RIO_2_DI_12,DIV00014,DIGITAL,10212,RIO_2_DI_12 SPARE,,False,,,,,REMOTE IO\RIO_2,False,False,DECIMAL
17,RIO_2_DI_13,RIO_2_DI_13,DIV00015,DIGITAL,10213,RIO_2_DI_13 SPARE,,False,,,,,REMOTE IO\RIO_2,False,False,DECIMAL
18,LSHH_301_,LSHH_301_,DIV00016,DIGITAL,10214,CHAMBER 3 NUTRIENT TANK LEVEL HI HI SHUT DOWN,,False,,,,,REMOTE IO\RIO_2,False,False,DECIMAL
19,LSLL_301_,LSLL_301_,DIV00017,DIGITAL,10215,CHAMBER 3 NUTRIENT TANK LEVEL LO LO SHUT DOWN,,False,,,,,REMOTE IO\RIO_2,False,False,DECIMAL
28,HS_207_,HS_207_,DIV00018,DIGITAL,10216,CHAMBER 2 LIGHTS ON/OFF,,False,,,,,REMOTE IO\RIO_2,False,False,DECIMAL
29,HS_208_,HS_208_,DIV00019,DIGITAL,10217,CHAMBER 2 UVB LIGHTS ON/OFF,,False,,,,,REMOTE IO\RIO_2,False,False,DECIMAL
30,RIO_2_DO_2,RIO_2_DO_2,DIV00020,DIGITAL,10218,RIO_2_DO_2 SPARE,,False,,,,,REMOTE IO\RIO_2,False,False,DECIMAL
31,XY_225_,XY_225_,DIV00021,DIGITAL,10219,CHAMBER 2 CO2 SOLENOID VALVE,,False,,,,,REMOTE IO\RIO_2,False,False,DECIMAL
32,HS_210_,HS_210_,DIV00022,DIGITAL,10220,CHAMBER 2 HEAT ON/OFF,,False,,,,,REMOTE IO\RIO_2,False,False,DECIMAL
33,HS_209_,HS_209_,DIV00023,DIGITAL,10221,CHAMBER 2 COOLING ON/OFF,,False,,,,,REMOTE IO\RIO_2,False,False,DECIMAL
34,HS_205_,HS_205_,DIV00024,DIGITAL,10222,CHAMBER 2 FAN ON/OFF,,False,,,,,REMOTE IO\RIO_2,False,False,DECIMAL
35,HS_204_,HS_204_,DIV00025,DIGITAL,10223,CHAMBER 2 HUMIDIFIER ON/OFF,,False,,,,,REMOTE IO\RIO_2,False,False,DECIMAL
36,HS_203_,HS_203_,DIV00026,DIGITAL,10224,CHAMBER 2 DEHUMIDIFIER ON/OFF,,False,,,,,REMOTE IO\RIO_2,False,False,DECIMAL
37,HS_206_,HS_206_,DIV00027,DIGITAL,10225,CHAMBER 2 OSCILLATING FANS ON/OFF,,False,,,,,REMOTE IO\RIO_2,False,False,DECIMAL
38,HS_301_,HS_301_,DIV00028,DIGITAL,10226,CHAMBER 3 NUTRIENT FEED PUMP ON/OFF,,False,,,,,REMOTE IO\RIO_2,False,False,DECIMAL
39,XY_304_,XY_304_,DIV00029,DIGITAL,10227,CHAMBER 3 NUTRIENT FEED SOLENOID VALVE,,False,,,,,REMOTE IO\RIO_2,False,False,DECIMAL
40,XY_310_,XY_310_,DIV00030,DIGITAL,10228,CHAMBER 3 NUTRIENT FEED RECIRC SOLENOID VALVE,,False,,,,,REMOTE IO\RIO_2,False,False,DECIMAL
41,XY_312_,XY_312_,DIV00031,DIGITAL,10229,CHAMBER 3 NUTRIENT TANK DRAIN SOLENOID VALVE,,False,,,,,REMOTE IO\RIO_2,False,False,DECIMAL
42,RIO_2_DO_14,RIO_2_DO_14,DIV00032,DIGITAL,10230,RIO_2_DO_14 SPARE,,False,,,,,REMOTE IO\RIO_2,False,False,DECIMAL
43,RIO_2_DO_15,RIO_2_DO_15,DIV00033,DIGITAL,10231,RIO_2_DO_15 SPARE,,False,,,,,REMOTE IO\RIO_2,False,False,DECIMAL
20,RIO_2_AI_0,RIO_2_AI_0,AIV00002,FLOAT,10232,RIO_2_AI_0 SPARE,,True,,0,1000,1,REMOTE IO\RIO_2,False,False,DECIMAL
21,LT_201_,LT_201_,AIV00003,FLOAT,10234,CHAMBER 2 NUTRIENT TANK LEVEL TRANSMITTER,,True,,0,1000,1,REMOTE IO\RIO_2,False,False,DECIMAL
22,AT_205_,AT_205_,AIV00004,FLOAT,10236,CHAMBER 2 VAISALA TEMP. TRANSMITTER,,True,,0,1000,1,REMOTE IO\RIO_2,False,False,DECIMAL
23,AT_203_,AT_203_,AIV00005,FLOAT,10238,CHAMBER 2 VAISALA CO2 TRANSMITTER,,True,,0,1000,1,REMOTE IO\RIO_2,False,False,DECIMAL
24,AT_204_,AT_204_,AIV00006,FLOAT,10240,CHAMBER 2 VAISALA HUMIDITY TRANSMITTER,,True,,0,1000,1,REMOTE IO\RIO_2,False,False,DECIMAL
25,PDT_201_,PDT_201_,AIV00007,FLOAT,10242,CHAMBER 2 FILTER PRESSURE DIFFERENTIAL TRANS,,True,,0,1000,1,REMOTE IO\RIO_2,False,False,DECIMAL
26,PT_301_,PT_301_,AIV00008,FLOAT,10244,CHAMBER 3 NUTRIENT FEED PRESSURE TRANSMITTER,,True,,0,1000,1,REMOTE IO\RIO_2,False,False,DECIMAL
27,FT_301_,FT_301_,AIV00009,FLOAT,10246,CHAMBER 3 NUTRIENT FEED FLOW TRANSMITTER,,True,,0,1000,1,REMOTE IO\RIO_2,False,False,DECIMAL
108,RIO_3_DI_0,RIO_3_DI_0,DIV00078,DIGITAL,10300,RIO_3_DI_0 SPARE,,False,,,,,REMOTE IO\RIO_3,False,False,DECIMAL
109,RIO_3_DI_1,RIO_3_DI_1,DIV00079,DIGITAL,10301,RIO_3_DI_1 SPARE,,False,,,,,REMOTE IO\RIO_3,False,False,DECIMAL
110,RIO_3_DI_2,RIO_3_DI_2,DIV00080,DIGITAL,10302,RIO_3_DI_2 SPARE,,False,,,,,REMOTE IO\RIO_3,False,False,DECIMAL
111,RIO_3_DI_3,RIO_3_DI_3,DIV00081,DIGITAL,10303,RIO_3_DI_3 SPARE,,False,,,,,REMOTE IO\RIO_3,False,False,DECIMAL
112,RIO_3_DI_4,RIO_3_DI_4,DIV00082,DIGITAL,10304,RIO_3_DI_4 SPARE,,False,,,,,REMOTE IO\RIO_3,False,False,DECIMAL
113,RIO_3_DI_5,RIO_3_DI_5,DIV00083,DIGITAL,10305,RIO_3_DI_5 SPARE,,False,,,,,REMOTE IO\RIO_3,False,False,DECIMAL
114,RIO_3_DI_6,RIO_3_DI_6,DIV00084,DIGITAL,10306,RIO_3_DI_6 SPARE,,False,,,,,REMOTE IO\RIO_3,False,False,DECIMAL
115,ZI_301_,ZI_301_,DIV00085,DIGITAL,10307,CHAMBER 3 DOOR CONTACT INDICATOR,,False,,,,,REMOTE IO\RIO_3,False,False,DECIMAL
116,RIO_3_DI_8,RIO_3_DI_8,DIV00086,DIGITAL,10308,RIO_3_DI_8 SPARE,,False,,,,,REMOTE IO\RIO_3,False,False,DECIMAL
117,RIO_3_DI_9,RIO_3_DI_9,DIV00087,DIGITAL,10309,RIO_3_DI_9 SPARE,,False,,,,,REMOTE IO\RIO_3,False,False,DECIMAL
118,RIO_3_DI_10,RIO_3_DI_10,DIV00088,DIGITAL,10310,RIO_3_DI_10 SPARE,,False,,,,,REMOTE IO\RIO_3,False,False,DECIMAL
119,RIO_3_DI_11,RIO_3_DI_11,DIV00089,DIGITAL,10311,RIO_3_DI_11 SPARE,,False,,,,,REMOTE IO\RIO_3,False,False,DECIMAL
120,RIO_3_DI_12,RIO_3_DI_12,DIV00090,DIGITAL,10312,RIO_3_DI_12 SPARE,,False,,,,,REMOTE IO\RIO_3,False,False,DECIMAL
121,RIO_3_DI_13,RIO_3_DI_13,DIV00091,DIGITAL,10313,RIO_3_DI_13 SPARE,,False,,,,,REMOTE IO\RIO_3,False,False,DECIMAL
122,RIO_3_DI_14,RIO_3_DI_14,DIV00092,DIGITAL,10314,RIO_3_DI_14 SPARE,,False,,,,,REMOTE IO\RIO_3,False,False,DECIMAL
123,RIO_3_DI_15,RIO_3_DI_15,DIV00093,DIGITAL,10315,RIO_3_DI_15 SPARE,,False,,,,,REMOTE IO\RIO_3,False,False,DECIMAL
132,HS_003_,HS_003_,DIV00094,DIGITAL,10316,NUTRIENT 3 DOSING PUMP ON/OFF,,False,,,,,REMOTE IO\RIO_3,False,False,DECIMAL
133,XY_321_,XY_321_,DIV00095,DIGITAL,10317,CHAMBER 3 pH UP SOLENOID VALVE,,False,,,,,REMOTE IO\RIO_3,False,False,DECIMAL
134,XY_322_,XY_322_,DIV00096,DIGITAL,10318,CHAMBER 3 pH DOWN SOLENOID VALVE,,False,,,,,REMOTE IO\RIO_3,False,False,DECIMAL
135,XY_324_,XY_324_,DIV00097,DIGITAL,10319,CHAMBER 3 RO WATER FILL SOLENOID VALVE,,False,,,,,REMOTE IO\RIO_3,False,False,DECIMAL
136,HS_302_,HS_302_,DIV00098,DIGITAL,10320,CHAMBER 3 DUCT UV LIGHT ON/OFF,,False,,,,,REMOTE IO\RIO_3,False,False,DECIMAL
137,HS_307_,HS_307_,DIV00099,DIGITAL,10321,CHAMBER 3 LIGHTS ON/OFF,,False,,,,,REMOTE IO\RIO_3,False,False,DECIMAL
138,HS_308_,HS_308_,DIV00100,DIGITAL,10322,CHAMBER 3 UVB LIGHTS ON/OFF,,False,,,,,REMOTE IO\RIO_3,False,False,DECIMAL
139,RIO_3_DO_7,RIO_3_DO_7,DIV00101,DIGITAL,10323,RIO_3_DO_7 SPARE,,False,,,,,REMOTE IO\RIO_3,False,False,DECIMAL
140,XY_325_,XY_325_,DIV00102,DIGITAL,10324,CHAMBER 3 CO2 SOLENOID VALVE,,False,,,,,REMOTE IO\RIO_3,False,False,DECIMAL
141,HS_310_,HS_310_,DIV00103,DIGITAL,10325,CHAMBER 3 HEAT ON/OFF,,False,,,,,REMOTE IO\RIO_3,False,False,DECIMAL
142,HS_309_,HS_309_,DIV00104,DIGITAL,10326,CHAMBER 3 COOLING ON/OFF,,False,,,,,REMOTE IO\RIO_3,False,False,DECIMAL
143,HS_305_,HS_305_,DIV00105,DIGITAL,10327,CHAMBER 3 FAN ON/OFF,,False,,,,,REMOTE IO\RIO_3,False,False,DECIMAL
144,HS_304_,HS_304_,DIV00106,DIGITAL,10328,CHAMBER 3 HUMIDIFIER ON/OFF,,False,,,,,REMOTE IO\RIO_3,False,False,DECIMAL
145,HS_303_,HS_303_,DIV00107,DIGITAL,10329,CHAMBER 3 DEHUMIDIFIER ON/OFF,,False,,,,,REMOTE IO\RIO_3,False,False,DECIMAL
146,HS_306_,HS_306_,DIV00108,DIGITAL,10330,CHAMBER 3 OSCILLATING FANS ON/OFF,,False,,,,,REMOTE IO\RIO_3,False,False,DECIMAL
147,HS_401_,HS_401_,DIV00109,DIGITAL,10331,CHAMBER 4 NUTRIENT FEED PUMP ON/OFF,,False,,,,,REMOTE IO\RIO_3,False,False,DECIMAL
124,MT_301_,MT_301_,AIV00030,FLOAT,10332,CHAMBER 3 NUTRIENT MOISTURE TRANSMITTER 1,,True,,0,1000,1,REMOTE IO\RIO_3,False,False,DECIMAL
125,MT_302_,MT_302_,AIV00031,FLOAT,10334,CHAMBER 3 NUTRIENT MOISTURE TRANSMITTER 2,,True,,0,1000,1,REMOTE IO\RIO_3,False,False,DECIMAL
126,MT_303_,MT_303_,AIV00032,FLOAT,10336,CHAMBER 3 NUTRIENT MOISTURE TRANSMITTER 3,,True,,0,1000,1,REMOTE IO\RIO_3,False,False,DECIMAL
127,LT_301_,LT_301_,AIV00033,FLOAT,10338,CHAMBER 3 NUTRIENT TANK LEVEL TRANSMITTER,,True,,0,1000,1,REMOTE IO\RIO_3,False,False,DECIMAL
128,AT_305_,AT_305_,AIV00034,FLOAT,10340,CHAMBER 3 VAISALA TEMP. TRANSMITTER,,True,,0,1000,1,REMOTE IO\RIO_3,False,False,DECIMAL
129,AT_303_,AT_303_,AIV00035,FLOAT,10342,CHAMBER 3 VAISALA CO2 TRANSMITTER,,True,,0,1000,1,REMOTE IO\RIO_3,False,False,DECIMAL
130,AT_304_,AT_304_,AIV00036,FLOAT,10344,CHAMBER 3 VAISALA HUMIDITY TRANSMITTER,,True,,0,1000,1,REMOTE IO\RIO_3,False,False,DECIMAL
131,PDT_301_,PDT_301_,AIV00037,FLOAT,10346,CHAMBER 3 FILTER PRESSURE DIFFERENTIAL TRANS,,True,,0,1000,1,REMOTE IO\RIO_3,False,False,DECIMAL
148,RIO_4_DI_0,RIO_4_DI_0,DIV00110,DIGITAL,10400,RIO_4_DI_0 SPARE,,False,,,,,REMOTE IO\RIO_4,False,False,DECIMAL
149,RIO_4_DI_1,RIO_4_DI_1,DIV00111,DIGITAL,10401,RIO_4_DI_1 SPARE,,False,,,,,REMOTE IO\RIO_4,False,False,DECIMAL
150,RIO_4_DI_2,RIO_4_DI_2,DIV00112,DIGITAL,10402,RIO_4_DI_2 SPARE,,False,,,,,REMOTE IO\RIO_4,False,False,DECIMAL
151,LSHH_401_,LSHH_401_,DIV00113,DIGITAL,10403,CHAMBER 4 NUTRIENT TANK LEVEL HI HI SHUT DOWN,,False,,,,,REMOTE IO\RIO_4,False,False,DECIMAL
152,LSLL_401_,LSLL_401_,DIV00114,DIGITAL,10404,CHAMBER 4 NUTRIENT TANK LEVEL LO LO SHUT DOWN,,False,,,,,REMOTE IO\RIO_4,False,False,DECIMAL
153,RIO_4_DI_5,RIO_4_DI_5,DIV00115,DIGITAL,10405,RIO_4_DI_5 SPARE,,False,,,,,REMOTE IO\RIO_4,False,False,DECIMAL
154,RIO_4_DI_6,RIO_4_DI_6,DIV00116,DIGITAL,10406,RIO_4_DI_6 SPARE,,False,,,,,REMOTE IO\RIO_4,False,False,DECIMAL
155,RIO_4_DI_7,RIO_4_DI_7,DIV00117,DIGITAL,10407,RIO_4_DI_7 SPARE,,False,,,,,REMOTE IO\RIO_4,False,False,DECIMAL
156,RIO_4_DI_8,RIO_4_DI_8,DIV00118,DIGITAL,10408,RIO_4_DI_8 SPARE,,False,,,,,REMOTE IO\RIO_4,False,False,DECIMAL
157,RIO_4_DI_9,RIO_4_DI_9,DIV00119,DIGITAL,10409,RIO_4_DI_9 SPARE,,False,,,,,REMOTE IO\RIO_4,False,False,DECIMAL
158,RIO_4_DI_10,RIO_4_DI_10,DIV00120,DIGITAL,10410,RIO_4_DI_10 SPARE,,False,,,,,REMOTE IO\RIO_4,False,False,DECIMAL
159,RIO_4_DI_11,RIO_4_DI_11,DIV00121,DIGITAL,10411,RIO_4_DI_11 SPARE,,False,,,,,REMOTE IO\RIO_4,False,False,DECIMAL
160,ZI_401_,ZI_401_,DIV00122,DIGITAL,10412,CHAMBER 4 DOOR CONTACT INDICATOR,,False,,,,,REMOTE IO\RIO_4,False,False,DECIMAL
161,RIO_4_DI_13,RIO_4_DI_13,DIV00123,DIGITAL,10413,RIO_4_DI_13 SPARE,,False,,,,,REMOTE IO\RIO_4,False,False,DECIMAL
162,RIO_4_DI_14,RIO_4_DI_14,DIV00124,DIGITAL,10414,RIO_4_DI_14 SPARE,,False,,,,,REMOTE IO\RIO_4,False,False,DECIMAL
163,RIO_4_DI_15,RIO_4_DI_15,DIV00125,DIGITAL,10415,RIO_4_DI_15 SPARE,,False,,,,,REMOTE IO\RIO_4,False,False,DECIMAL
172,XY_404_,XY_404_,DIV00126,DIGITAL,10416,CHAMBER 4 NUTRIENT FEED SOLENOID VALVE,,False,,,,,REMOTE IO\RIO_4,False,False,DECIMAL
173,XY_410_,XY_410_,DIV00127,DIGITAL,10417,CHAMBER 4 NUTRIENT FEED RECIRC SOLENOID VALVE,,False,,,,,REMOTE IO\RIO_4,False,False,DECIMAL
174,XY_412_,XY_412_,DIV00128,DIGITAL,10418,CHAMBER 4 NUTRIENT TANK DRAIN SOLENOID VALVE,,False,,,,,REMOTE IO\RIO_4,False,False,DECIMAL
175,RIO_4_DO_3,RIO_4_DO_3,DIV00129,DIGITAL,10419,RIO_4_DO_3 SPARE,,False,,,,,REMOTE IO\RIO_4,False,False,DECIMAL
176,RIO_4_DO_4,RIO_4_DO_4,DIV00130,DIGITAL,10420,RIO_4_DO_4 SPARE,,False,,,,,REMOTE IO\RIO_4,False,False,DECIMAL
177,HS_004_,HS_004_,DIV00131,DIGITAL,10421,NUTRIENT 4 DOSING PUMP ON/OFF,,False,,,,,REMOTE IO\RIO_4,False,False,DECIMAL
178,XY_421_,XY_421_,DIV00132,DIGITAL,10422,CHAMBER 4 pH UP SOLENOID VALVE,,False,,,,,REMOTE IO\RIO_4,False,False,DECIMAL
179,XY_422_,XY_422_,DIV00133,DIGITAL,10423,CHAMBER 4 pH DOWN SOLENOID VALVE,,False,,,,,REMOTE IO\RIO_4,False,False,DECIMAL
180,XY_424_,XY_424_,DIV00134,DIGITAL,10424,CHAMBER 4 RO WATER FILL SOLENOID VALVE,,False,,,,,REMOTE IO\RIO_4,False,False,DECIMAL
181,HS_402_,HS_402_,DIV00135,DIGITAL,10425,CHAMBER 4 DUCT UV LIGHT ON/OFF,,False,,,,,REMOTE IO\RIO_4,False,False,DECIMAL
182,HS_407_,HS_407_,DIV00136,DIGITAL,10426,CHAMBER 4 LIGHTS ON/OFF,,False,,,,,REMOTE IO\RIO_4,False,False,DECIMAL
183,HS_408_,HS_408_,DIV00137,DIGITAL,10427,CHAMBER 4 UVB LIGHTS ON/OFF,,False,,,,,REMOTE IO\RIO_4,False,False,DECIMAL
184,RIO_4_DO_12,RIO_4_DO_12,DIV00138,DIGITAL,10428,RIO_4_DO_12 SPARE,,False,,,,,REMOTE IO\RIO_4,False,False,DECIMAL
185,XY_425_,XY_425_,DIV00139,DIGITAL,10429,CHAMBER 4 CO2 SOLENOID VALVE,,False,,,,,REMOTE IO\RIO_4,False,False,DECIMAL
186,HS_410_,HS_410_,DIV00140,DIGITAL,10430,CHAMBER 4 HEAT ON/OFF,,False,,,,,REMOTE IO\RIO_4,False,False,DECIMAL
187,HS_409_,HS_409_,DIV00141,DIGITAL,10431,CHAMBER 4 COOLING ON/OFF,,False,,,,,REMOTE IO\RIO_4,False,False,DECIMAL
164,PT_401_,PT_401_,AIV00038,FLOAT,10432,CHAMBER 4 NUTRIENT FEED PRESSURE TRANSMITTER,,True,,0,1000,1,REMOTE IO\RIO_4,False,False,DECIMAL
165,FT_401_,FT_401_,AIV00039,FLOAT,10434,CHAMBER 4 NUTRIENT FEED FLOW TRANSMITTER,,True,,0,1000,1,REMOTE IO\RIO_4,False,False,DECIMAL
166,MT_401_,MT_401_,AIV00040,FLOAT,10436,CHAMBER 4 NUTRIENT MOISTURE TRANSMITTER 1,,True,,0,1000,1,REMOTE IO\RIO_4,False,False,DECIMAL
167,MT_402_,MT_402_,AIV00041,FLOAT,10438,CHAMBER 4 NUTRIENT MOISTURE TRANSMITTER 2,,True,,0,1000,1,REMOTE IO\RIO_4,False,False,DECIMAL
168,MT_403_,MT_403_,AIV00042,FLOAT,10440,CHAMBER 4 NUTRIENT MOISTURE TRANSMITTER 3,,True,,0,1000,1,REMOTE IO\RIO_4,False,False,DECIMAL
169,LT_401_,LT_401_,AIV00043,FLOAT,10442,CHAMBER 4 NUTRIENT TANK LEVEL TRANSMITTER,,True,,0,1000,1,REMOTE IO\RIO_4,False,False,DECIMAL
170,AT_405_,AT_405_,AIV00044,FLOAT,10444,CHAMBER 4 VAISALA TEMP. TRANSMITTER,,True,,0,1000,1,REMOTE IO\RIO_4,False,False,DECIMAL
171,AT_403_,AT_403_,AIV00045,FLOAT,10446,CHAMBER 4 VAISALA CO2 TRANSMITTER,,True,,0,1000,1,REMOTE IO\RIO_4,False,False,DECIMAL
188,RIO_5_DI_0,RIO_5_DI_0,DIV00142,DIGITAL,10500,RIO_5_DI_0 SPARE,,False,,,,,REMOTE IO\RIO_5,False,False,DECIMAL
189,RIO_5_DI_1,RIO_5_DI_1,DIV00143,DIGITAL,10501,RIO_5_DI_1 SPARE,,False,,,,,REMOTE IO\RIO_5,False,False,DECIMAL
190,RIO_5_DI_2,RIO_5_DI_2,DIV00144,DIGITAL,10502,RIO_5_DI_2 SPARE,,False,,,,,REMOTE IO\RIO_5,False,False,DECIMAL
191,RIO_5_DI_3,RIO_5_DI_3,DIV00145,DIGITAL,10503,RIO_5_DI_3 SPARE,,False,,,,,REMOTE IO\RIO_5,False,False,DECIMAL
192,RIO_5_DI_4,RIO_5_DI_4,DIV00146,DIGITAL,10504,RIO_5_DI_4 SPARE,,False,,,,,REMOTE IO\RIO_5,False,False,DECIMAL
193,RIO_5_DI_5,RIO_5_DI_5,DIV00147,DIGITAL,10505,RIO_5_DI_5 SPARE,,False,,,,,REMOTE IO\RIO_5,False,False,DECIMAL
194,RIO_5_DI_6,RIO_5_DI_6,DIV00148,DIGITAL,10506,RIO_5_DI_6 SPARE,,False,,,,,REMOTE IO\RIO_5,False,False,DECIMAL
195,CI_501_,CI_501_,DIV00149,DIGITAL,10507,DRY CURE DAMPER END SWITCH,,False,,,,,REMOTE IO\RIO_5,False,False,DECIMAL
196,RIO_5_DI_8,RIO_5_DI_8,DIV00150,DIGITAL,10508,RIO_5_DI_8 SPARE,,False,,,,,REMOTE IO\RIO_5,False,False,DECIMAL
197,RIO_5_DI_9,RIO_5_DI_9,DIV00151,DIGITAL,10509,RIO_5_DI_9 SPARE,,False,,,,,REMOTE IO\RIO_5,False,False,DECIMAL
198,RIO_5_DI_10,RIO_5_DI_10,DIV00152,DIGITAL,10510,RIO_5_DI_10 SPARE,,False,,,,,REMOTE IO\RIO_5,False,False,DECIMAL
199,RIO_5_DI_11,RIO_5_DI_11,DIV00153,DIGITAL,10511,RIO_5_DI_11 SPARE,,False,,,,,REMOTE IO\RIO_5,False,False,DECIMAL
200,RIO_5_DI_12,RIO_5_DI_12,DIV00154,DIGITAL,10512,RIO_5_DI_12 SPARE,,False,,,,,REMOTE IO\RIO_5,False,False,DECIMAL
201,RIO_5_DI_13,RIO_5_DI_13,DIV00155,DIGITAL,10513,RIO_5_DI_13 SPARE,,False,,,,,REMOTE IO\RIO_5,False,False,DECIMAL
202,RIO_5_DI_14,RIO_5_DI_14,DIV00156,DIGITAL,10514,RIO_5_DI_14 SPARE,,False,,,,,REMOTE IO\RIO_5,False,False,DECIMAL
203,RIO_5_DI_15,RIO_5_DI_15,DIV00157,DIGITAL,10515,RIO_5_DI_15 SPARE,,False,,,,,REMOTE IO\RIO_5,False,False,DECIMAL
212,HS_405_,HS_405_,DIV00158,DIGITAL,10516,CHAMBER 4 FAN ON/OFF,,False,,,,,REMOTE IO\RIO_5,False,False,DECIMAL
213,HS_404_,HS_404_,DIV00159,DIGITAL,10517,CHAMBER 4 HUMIDIFIER ON/OFF,,False,,,,,REMOTE IO\RIO_5,False,False,DECIMAL
214,HS_403_,HS_403_,DIV00160,DIGITAL,10518,CHAMBER 4 DEHUMIDIFIER ON/OFF,,False,,,,,REMOTE IO\RIO_5,False,False,DECIMAL
215,HS_406_,HS_406_,DIV00161,DIGITAL,10519,CHAMBER 4 OSCILLATING FANS ON/OFF,,False,,,,,REMOTE IO\RIO_5,False,False,DECIMAL
216,HS_008_,HS_008_,DIV00162,DIGITAL,10520,NUTRIENT pH UP PUMP ON/OFF,,False,,,,,REMOTE IO\RIO_5,False,False,DECIMAL
217,HS_009_,HS_009_,DIV00163,DIGITAL,10521,NUTRIENT pH DOWN PUMP ON/OFF,,False,,,,,REMOTE IO\RIO_5,False,False,DECIMAL
218,XY_501_,XY_501_,DIV00164,DIGITAL,10522,DRY CURE ACTUATOR OPEN CLOSE,,False,,,,,REMOTE IO\RIO_5,False,False,DECIMAL
219,RIO_5_DO_7,RIO_5_DO_7,DIV00165,DIGITAL,10523,RIO_5_DO_7 SPARE,,False,,,,,REMOTE IO\RIO_5,False,False,DECIMAL
220,HS_501_,HS_501_,DIV00166,DIGITAL,10524,DRY CURE FANS ON/OFF,,False,,,,,REMOTE IO\RIO_5,False,False,DECIMAL
221,HS_502_,HS_502_,DIV00167,DIGITAL,10525,DRY CURE UV LIGHT ON/OFF,,False,,,,,REMOTE IO\RIO_5,False,False,DECIMAL
222,XY_114_,XY_114_,DIV00168,DIGITAL,10526,CHAMBER 1 NUTRIENT 1 DOSING SOLENOID VALVE,,False,,,,,REMOTE IO\RIO_5,False,False,DECIMAL
223,XY_115_,XY_115_,DIV00169,DIGITAL,10527,CHAMBER 1 NUTRIENT 2 DOSING SOLENOID VALVE,,False,,,,,REMOTE IO\RIO_5,False,False,DECIMAL
224,XY_116_,XY_116_,DIV00170,DIGITAL,10528,CHAMBER 1 NUTRIENT 3 DOSING SOLENOID VALVE,,False,,,,,REMOTE IO\RIO_5,False,False,DECIMAL
225,XY_117_,XY_117_,DIV00171,DIGITAL,10529,CHAMBER 1 NUTRIENT 4 DOSING SOLENOID VALVE,,False,,,,,REMOTE IO\RIO_5,False,False,DECIMAL
226,XY_118_,XY_118_,DIV00172,DIGITAL,10530,CHAMBER 1 NUTRIENT 5 DOSING SOLENOID VALVE,,False,,,,,REMOTE IO\RIO_5,False,False,DECIMAL
227,XY_119_,XY_119_,DIV00173,DIGITAL,10531,CHAMBER 1 NUTRIENT 6 DOSING SOLENOID VALVE,,False,,,,,REMOTE IO\RIO_5,False,False,DECIMAL
204,AT_404_,AT_404_,AIV00046,FLOAT,10532,CHAMBER 4 VAISALA HUMIDITY TRANSMITTER,,True,,0,1000,1,REMOTE IO\RIO_5,False,False,DECIMAL
205,PDT_401_,PDT_401_,AIV00047,FLOAT,10534,CHAMBER 4 FILTER PRESSURE DIFFERENTIAL TRANS,,True,,0,1000,1,REMOTE IO\RIO_5,False,False,DECIMAL
206,FT_001_,FT_001_,AIV00048,FLOAT,10536,NUTRIENT CENTER CITY WATER FILL FLOW TRANSMITTER,,True,,0,1000,1,REMOTE IO\RIO_5,False,False,DECIMAL
207,AT_502_,AT_502_,AIV00049,FLOAT,10538,DRY CURE VAISALA TEMP TRANSMITTER (0-10V),,True,,0,1000,1,REMOTE IO\RIO_5,False,False,DECIMAL
208,AT_501_,AT_501_,AIV00050,FLOAT,10540,DRY CURE VAISALA HUMIDITY TRANSMITTER (0-10V),,True,,0,1000,1,REMOTE IO\RIO_5,False,False,DECIMAL
209,RIO_5_AI_5,RIO_5_AI_5,AIV00051,FLOAT,10542,RIO_5_AI_5 SPARE,,True,,0,1000,1,REMOTE IO\RIO_5,False,False,DECIMAL
210,RIO_5_AI_6,RIO_5_AI_6,AIV00052,FLOAT,10544,RIO_5_AI_6 SPARE,,True,,0,1000,1,REMOTE IO\RIO_5,False,False,DECIMAL
211,RIO_5_AI_7,RIO_5_AI_7,AIV00053,FLOAT,10546,RIO_5_AI_7 SPARE,,True,,0,1000,1,REMOTE IO\RIO_5,False,False,DECIMAL
228,RIO_6_DI_0,RIO_6_DI_0,DIV00174,DIGITAL,10600,RIO_6_DI_0 SPARE,,False,,,,,REMOTE IO\RIO_6,False,False,DECIMAL
229,RIO_6_DI_1,RIO_6_DI_1,DIV00175,DIGITAL,10601,RIO_6_DI_1 SPARE,,False,,,,,REMOTE IO\RIO_6,False,False,DECIMAL
230,RIO_6_DI_2,RIO_6_DI_2,DIV00176,DIGITAL,10602,RIO_6_DI_2 SPARE,,False,,,,,REMOTE IO\RIO_6,False,False,DECIMAL
231,RIO_6_DI_3,RIO_6_DI_3,DIV00177,DIGITAL,10603,RIO_6_DI_3 SPARE,,False,,,,,REMOTE IO\RIO_6,False,False,DECIMAL
232,RIO_6_DI_4,RIO_6_DI_4,DIV00178,DIGITAL,10604,RIO_6_DI_4 SPARE,,False,,,,,REMOTE IO\RIO_6,False,False,DECIMAL
233,RIO_6_DI_5,RIO_6_DI_5,DIV00179,DIGITAL,10605,RIO_6_DI_5 SPARE,,False,,,,,REMOTE IO\RIO_6,False,False,DECIMAL
234,RIO_6_DI_6,RIO_6_DI_6,DIV00180,DIGITAL,10606,RIO_6_DI_6 SPARE,,False,,,,,REMOTE IO\RIO_6,False,False,DECIMAL
235,RIO_6_DI_7,RIO_6_DI_7,DIV00181,DIGITAL,10607,RIO_6_DI_7 SPARE,,False,,,,,REMOTE IO\RIO_6,False,False,DECIMAL
236,RIO_6_DI_8,RIO_6_DI_8,DIV00182,DIGITAL,10608,RIO_6_DI_8 SPARE,,False,,,,,REMOTE IO\RIO_6,False,False,DECIMAL
237,RIO_6_DI_9,RIO_6_DI_9,DIV00183,DIGITAL,10609,RIO_6_DI_9 SPARE,,False,,,,,REMOTE IO\RIO_6,False,False,DECIMAL
238,RIO_6_DI_10,RIO_6_DI_10,DIV00184,DIGITAL,10610,RIO_6_DI_10 SPARE,,False,,,,,REMOTE IO\RIO_6,False,False,DECIMAL
239,RIO_6_DI_11,RIO_6_DI_11,DIV00185,DIGITAL,10611,RIO_6_DI_11 SPARE,,False,,,,,REMOTE IO\RIO_6,False,False,DECIMAL
240,RIO_6_DI_12,RIO_6_DI_12,DIV00186,DIGITAL,10612,RIO_6_DI_12 SPARE,,False,,,,,REMOTE IO\RIO_6,False,False,DECIMAL
241,RIO_6_DI_13,RIO_6_DI_13,DIV00187,DIGITAL,10613,RIO_6_DI_13 SPARE,,False,,,,,REMOTE IO\RIO_6,False,False,DECIMAL
242,RIO_6_DI_14,RIO_6_DI_14,DIV00188,DIGITAL,10614,RIO_6_DI_14 SPARE,,False,,,,,REMOTE IO\RIO_6,False,False,DECIMAL
243,RIO_6_DI_15,RIO_6_DI_15,DIV00189,DIGITAL,10615,RIO_6_DI_15 SPARE,,False,,,,,REMOTE IO\RIO_6,False,False,DECIMAL
252,XY_120_,XY_120_,DIV00190,DIGITAL,10616,CHAMBER 1 NUTRIENT 7 DOSING SOLENOID VALVE,,False,,,,,REMOTE IO\RIO_6,False,False,DECIMAL
253,XY_214_,XY_214_,DIV00191,DIGITAL,10617,CHAMBER 2 NUTRIENT 1 DOSING SOLENOID VALVE,,False,,,,,REMOTE IO\RIO_6,False,False,DECIMAL
254,XY_215_,XY_215_,DIV00192,DIGITAL,10618,CHAMBER 2 NUTRIENT 2 DOSING SOLENOID VALVE,,False,,,,,REMOTE IO\RIO_6,False,False,DECIMAL
255,XY_216_,XY_216_,DIV00193,DIGITAL,10619,CHAMBER 2 NUTRIENT 3 DOSING SOLENOID VALVE,,False,,,,,REMOTE IO\RIO_6,False,False,DECIMAL
256,XY_217_,XY_217_,DIV00194,DIGITAL,10620,CHAMBER 2 NUTRIENT 4 DOSING SOLENOID VALVE,,False,,,,,REMOTE IO\RIO_6,False,False,DECIMAL
257,XY_218_,XY_218_,DIV00195,DIGITAL,10621,CHAMBER 2 NUTRIENT 5 DOSING SOLENOID VALVE,,False,,,,,REMOTE IO\RIO_6,False,False,DECIMAL
258,XY_219_,XY_219_,DIV00196,DIGITAL,10622,CHAMBER 2 NUTRIENT 6 DOSING SOLENOID VALVE,,False,,,,,REMOTE IO\RIO_6,False,False,DECIMAL
259,XY_220_,XY_220_,DIV00197,DIGITAL,10623,CHAMBER 2 NUTRIENT 7 DOSING SOLENOID VALVE,,False,,,,,REMOTE IO\RIO_6,False,False,DECIMAL
260,XY_314_,XY_314_,DIV00198,DIGITAL,10624,CHAMBER 3 NUTRIENT 1 DOSING SOLENOID VALVE,,False,,,,,REMOTE IO\RIO_6,False,False,DECIMAL
261,XY_315_,XY_315_,DIV00199,DIGITAL,10625,CHAMBER 3 NUTRIENT 2 DOSING SOLENOID VALVE,,False,,,,,REMOTE IO\RIO_6,False,False,DECIMAL
262,XY_316_,XY_316_,DIV00200,DIGITAL,10626,CHAMBER 3 NUTRIENT 3 DOSING SOLENOID VALVE,,False,,,,,REMOTE IO\RIO_6,False,False,DECIMAL
263,XY_317_,XY_317_,DIV00201,DIGITAL,10627,CHAMBER 3 NUTRIENT 4 DOSING SOLENOID VALVE,,False,,,,,REMOTE IO\RIO_6,False,False,DECIMAL
264,XY_318_,XY_318_,DIV00202,DIGITAL,10628,CHAMBER 3 NUTRIENT 5 DOSING SOLENOID VALVE,,False,,,,,REMOTE IO\RIO_6,False,False,DECIMAL
265,XY_319_,XY_319_,DIV00203,DIGITAL,10629,CHAMBER 3 NUTRIENT 6 DOSING SOLENOID VALVE,,False,,,,,REMOTE IO\RIO_6,False,False,DECIMAL
266,XY_320_,XY_320_,DIV00204,DIGITAL,10630,CHAMBER 3 NUTRIENT 7 DOSING SOLENOID VALVE,,False,,,,,REMOTE IO\RIO_6,False,False,DECIMAL
267,XY_414_,XY_414_,DIV00205,DIGITAL,10631,CHAMBER 4 NUTRIENT 1 DOSING SOLENOID VALVE,,False,,,,,REMOTE IO\RIO_6,False,False,DECIMAL
244,RIO_6_AI_0,RIO_6_AI_0,AIV00054,FLOAT,10632,RIO_6_AI_0 SPARE,,True,,0,1000,1,REMOTE IO\RIO_6,False,False,DECIMAL
245,RIO_6_AI_1,RIO_6_AI_1,AIV00055,FLOAT,10634,RIO_6_AI_1 SPARE,,True,,0,1000,1,REMOTE IO\RIO_6,False,False,DECIMAL
246,RIO_6_AI_2,RIO_6_AI_2,AIV00056,FLOAT,10636,RIO_6_AI_2 SPARE,,True,,0,1000,1,REMOTE IO\RIO_6,False,False,DECIMAL
247,RIO_6_AI_3,RIO_6_AI_3,AIV00057,FLOAT,10638,RIO_6_AI_3 SPARE,,True,,0,1000,1,REMOTE IO\RIO_6,False,False,DECIMAL
248,RIO_6_AI_4,RIO_6_AI_4,AIV00058,FLOAT,10640,RIO_6_AI_4 SPARE,,True,,0,1000,1,REMOTE IO\RIO_6,False,False,DECIMAL
249,RIO_6_AI_5,RIO_6_AI_5,AIV00059,FLOAT,10642,RIO_6_AI_5 SPARE,,True,,0,1000,1,REMOTE IO\RIO_6,False,False,DECIMAL
250,RIO_6_AI_6,RIO_6_AI_6,AIV00060,FLOAT,10644,RIO_6_AI_6 SPARE,,True,,0,1000,1,REMOTE IO\RIO_6,False,False,DECIMAL
251,RIO_6_AI_7,RIO_6_AI_7,AIV00061,FLOAT,10646,RIO_6_AI_7 SPARE,,True,,0,1000,1,REMOTE IO\RIO_6,False,False,DECIMAL
268,RIO_7_DI_0,RIO_7_DI_0,DIV00206,DIGITAL,10700,RIO_7_DI_0 SPARE,,False,,,,,REMOTE IO\RIO_7,False,False,DECIMAL
269,RIO_7_DI_1,RIO_7_DI_1,DIV00207,DIGITAL,10701,RIO_7_DI_1 SPARE,,False,,,,,REMOTE IO\RIO_7,False,False,DECIMAL
270,RIO_7_DI_2,RIO_7_DI_2,DIV00208,DIGITAL,10702,RIO_7_DI_2 SPARE,,False,,,,,REMOTE IO\RIO_7,False,False,DECIMAL
271,RIO_7_DI_3,RIO_7_DI_3,DIV00209,DIGITAL,10703,RIO_7_DI_3 SPARE,,False,,,,,REMOTE IO\RIO_7,False,False,DECIMAL
272,RIO_7_DI_4,RIO_7_DI_4,DIV00210,DIGITAL,10704,RIO_7_DI_4 SPARE,,False,,,,,REMOTE IO\RIO_7,False,False,DECIMAL
273,RIO_7_DI_5,RIO_7_DI_5,DIV00211,DIGITAL,10705,RIO_7_DI_5 SPARE,,False,,,,,REMOTE IO\RIO_7,False,False,DECIMAL
274,RIO_7_DI_6,RIO_7_DI_6,DIV00212,DIGITAL,10706,RIO_7_DI_6 SPARE,,False,,,,,REMOTE IO\RIO_7,False,False,DECIMAL
275,RIO_7_DI_7,RIO_7_DI_7,DIV00213,DIGITAL,10707,RIO_7_DI_7 SPARE,,False,,,,,REMOTE IO\RIO_7,False,False,DECIMAL
276,RIO_7_DI_8,RIO_7_DI_8,DIV00214,DIGITAL,10708,RIO_7_DI_8 SPARE,,False,,,,,REMOTE IO\RIO_7,False,False,DECIMAL
277,RIO_7_DI_9,RIO_7_DI_9,DIV00215,DIGITAL,10709,RIO_7_DI_9 SPARE,,False,,,,,REMOTE IO\RIO_7,False,False,DECIMAL
278,RIO_7_DI_10,RIO_7_DI_10,DIV00216,DIGITAL,10710,RIO_7_DI_10 SPARE,,False,,,,,REMOTE IO\RIO_7,False,False,DECIMAL
279,RIO_7_DI_11,RIO_7_DI_11,DIV00217,DIGITAL,10711,RIO_7_DI_11 SPARE,,False,,,,,REMOTE IO\RIO_7,False,False,DECIMAL
280,RIO_7_DI_12,RIO_7_DI_12,DIV00218,DIGITAL,10712,RIO_7_DI_12 SPARE,,False,,,,,REMOTE IO\RIO_7,False,False,DECIMAL
281,RIO_7_DI_13,RIO_7_DI_13,DIV00219,DIGITAL,10713,RIO_7_DI_13 SPARE,,False,,,,,REMOTE IO\RIO_7,False,False,DECIMAL
282,RIO_7_DI_14,RIO_7_DI_14,DIV00220,DIGITAL,10714,RIO_7_DI_14 SPARE,,False,,,,,REMOTE IO\RIO_7,False,False,DECIMAL
283,RIO_7_DI_15,RIO_7_DI_15,DIV00221,DIGITAL,10715,RIO_7_DI_15 SPARE,,False,,,,,REMOTE IO\RIO_7,False,False,DECIMAL
292,XY_415_,XY_415_,DIV00222,DIGITAL,10716,CHAMBER 4 NUTRIENT 2 DOSING SOLENOID VALVE,,False,,,,,REMOTE IO\RIO_7,False,False,DECIMAL
293,XY_416_,XY_416_,DIV00223,DIGITAL,10717,CHAMBER 4 NUTRIENT 3 DOSING SOLENOID VALVE,,False,,,,,REMOTE IO\RIO_7,False,False,DECIMAL
294,XY_417_,XY_417_,DIV00224,DIGITAL,10718,CHAMBER 4 NUTRIENT 4 DOSING SOLENOID VALVE,,False,,,,,REMOTE IO\RIO_7,False,False,DECIMAL
295,XY_418_,XY_418_,DIV00225,DIGITAL,10719,CHAMBER 4 NUTRIENT 5 DOSING SOLENOID VALVE,,False,,,,,REMOTE IO\RIO_7,False,False,DECIMAL
296,XY_419_,XY_419_,DIV00226,DIGITAL,10720,CHAMBER 4 NUTRIENT 6 DOSING SOLENOID VALVE,,False,,,,,REMOTE IO\RIO_7,False,False,DECIMAL
297,XY_420_,XY_420_,DIV00227,DIGITAL,10721,CHAMBER 4 NUTRIENT 7 DOSING SOLENOID VALVE,,False,,,,,REMOTE IO\RIO_7,False,False,DECIMAL
298,HS_005_,HS_005_,DIV00228,DIGITAL,10722,NUTRIENT 5 DOSING PUMP ON/OFF,,False,,,,,REMOTE IO\RIO_7,False,False,DECIMAL
299,HS_006_,HS_006_,DIV00229,DIGITAL,10723,NUTRIENT 6 DOSING PUMP ON/OFF,,False,,,,,REMOTE IO\RIO_7,False,False,DECIMAL
300,HS_007_,HS_007_,DIV00230,DIGITAL,10724,NUTRIENT 7 DOSING PUMP ON/OFF,,False,,,,,REMOTE IO\RIO_7,False,False,DECIMAL
301,RIO_7_DO_9,RIO_7_DO_9,DIV00231,DIGITAL,10725,RIO_7_DO_9 SPARE,,False,,,,,REMOTE IO\RIO_7,False,False,DECIMAL
302,RIO_7_DO_10,RIO_7_DO_10,DIV00232,DIGITAL,10726,RIO_7_DO_10 SPARE,,False,,,,,REMOTE IO\RIO_7,False,False,DECIMAL
303,RIO_7_DO_11,RIO_7_DO_11,DIV00233,DIGITAL,10727,RIO_7_DO_11 SPARE,,False,,,,,REMOTE IO\RIO_7,False,False,DECIMAL
304,RIO_7_DO_12,RIO_7_DO_12,DIV00234,DIGITAL,10728,RIO_7_DO_12 SPARE,,False,,,,,REMOTE IO\RIO_7,False,False,DECIMAL
305,RIO_7_DO_13,RIO_7_DO_13,DIV00235,DIGITAL,10729,RIO_7_DO_13 SPARE,,False,,,,,REMOTE IO\RIO_7,False,False,DECIMAL
306,RIO_7_DO_14,RIO_7_DO_14,DIV00236,DIGITAL,10730,RIO_7_DO_14 SPARE,,False,,,,,REMOTE IO\RIO_7,False,False,DECIMAL
307,RIO_7_DO_15,RIO_7_DO_15,DIV00237,DIGITAL,10731,RIO_7_DO_15 SPARE,,False,,,,,REMOTE IO\RIO_7,False,False,DECIMAL
284,RIO_7_AI_0,RIO_7_AI_0,AIV00062,FLOAT,10732,RIO_7_AI_0 SPARE,,True,,0,1000,1,REMOTE IO\RIO_7,False,False,DECIMAL
285,RIO_7_AI_1,RIO_7_AI_1,AIV00063,FLOAT,10734,RIO_7_AI_1 SPARE,,True,,0,1000,1,REMOTE IO\RIO_7,False,False,DECIMAL
286,RIO_7_AI_2,RIO_7_AI_2,AIV00064,FLOAT,10736,RIO_7_AI_2 SPARE,,True,,0,1000,1,REMOTE IO\RIO_7,False,False,DECIMAL
287,RIO_7_AI_3,RIO_7_AI_3,AIV00065,FLOAT,10738,RIO_7_AI_3 SPARE,,True,,0,1000,1,REMOTE IO\RIO_7,False,False,DECIMAL
288,RIO_7_AI_4,RIO_7_AI_4,AIV00066,FLOAT,10740,RIO_7_AI_4 SPARE,,True,,0,1000,1,REMOTE IO\RIO_7,False,False,DECIMAL
289,RIO_7_AI_5,RIO_7_AI_5,AIV00067,FLOAT,10742,RIO_7_AI_5 SPARE,,True,,0,1000,1,REMOTE IO\RIO_7,False,False,DECIMAL
290,RIO_7_AI_6,RIO_7_AI_6,AIV00068,FLOAT,10744,RIO_7_AI_6 SPARE,,True,,0,1000,1,REMOTE IO\RIO_7,False,False,DECIMAL
291,RIO_7_AI_7,RIO_7_AI_7,AIV00069,FLOAT,10746,RIO_7_AI_7 SPARE,,True,,0,1000,1,REMOTE IO\RIO_7,False,False,DECIMAL
